passenger_id,first_name,last_name,age,gender,date_of_birth,email_masked,phone_masked,aadhaar_hash
P1000,Vivaan,Chatterjee,52.0,F,1974-04-08,v****************@gmail.com,+91-******3790,99466baa9b8fe69a
P1001,Krishna,Reddy,15.0,M,2011-03-07,k************@hotmail.com,+91-******2297,6d05ccbeb5011dd5
P1002,Myra,Naidu,72.0,M,1954-09-10,m*********@outlook.com,+91-******5092,3e24ac79e2c95679
P1003,Myra,Mishra,61.0,F,1965-03-12,m**********@hotmail.com,+91-******7151,4e880723014ee24b
P1004,Saanvi,Banerjee,21.0,M,2005-11-11,s**************@outlook.com,+91-******5113,3ca09c31f18da71a
P1005,Reyansh,Joshi,83.0,M,1943-03-09,r************@gmail.com,+91-******3818,65d58b4376cbd17c
P1006,Kavya,Nair,87.0,M,1939-02-25,k*********@yahoo.com,+91-******5830,2b1c48782995bca7
P1007,Sara,Joshi,75.0,M,1951-11-24,s*********@gmail.com,+91-******2119,13a51896795a6887
P1008,Kavya,Pillai,75.0,M,1951-11-10,k***********@gmail.com,+91-******6600,184b6d895f7c0fd5
P1009,Sai,Kulkarni,88.0,M,1938-04-02,s***********@hotmail.com,+91-******9919,7152cf63fa78e06f
P1010,Sai,Agarwal,24.0,M,2002-04-18,s**********@yahoo.com,+91-******9690,6ccbdd4d650e0d64
P1011,Sara,Naidu,3.0,M,2023-04-19,s*********@yahoo.com,+91-******4718,6ec260924a1a8d6a
P1012,Arjun,Patel,22.0,M,2004-03-24,a**********@yahoo.com,+91-******8245,f0eaffffe232a663
P1013,Sara,Iyer,53.0,M,1973-01-13,s********@hotmail.com,+91-******6298,01f603c86d6008c8
P1014,Anika,Banerjee,2.0,F,2024-09-04,a*************@outlook.com,+91-******2705,f43bad82f1ea88b1
P1015,Aadhya,Verma,88.0,F,1938-05-26,a***********@gmail.com,+91-******0141,d70bbd933fb62ae5
P1016,Vivaan,Naidu,30.0,M,1996-01-19,v***********@rediffmail.com,+91-******0826,b740b55080e3f5e9
P1017,Reyansh,Chatterjee,38.0,F,1988-10-02,r*****************@rediffmail.com,+91-******3976,e3e68bc9aef666c2
P1018,Ira,Ghosh,2.0,F,2024-08-11,i********@hotmail.com,+91-******9320,dd0512da8f3fc09b
P1019,Diya,Patel,64.0,M,1962-06-10,d*********@gmail.com,+91-******0329,27af54f85ed4ca2e
P1020,Ananya,Khan,60.0,M,1966-12-18,a**********@yahoo.com,+91-******6828,c51671e5c87fc004
P1021,Kavya,Naidu,21.0,M,2005-01-01,k**********@yahoo.com,+91-******3494,be8e1f9bc95f0bb6
P1022,Shaurya,Joshi,33.0,F,1993-06-19,s************@outlook.com,+91-******5277,bdb2a0f6ff5354b4
P1023,Aditya,Patel,76.0,F,1950-10-24,a***********@hotmail.com,+91-******9973,aae89439b255e5df
P1024,Vivaan,Sharma,58.0,M,1968-08-08,v************@yahoo.com,+91-******4941,5ccf28839dc58717
P1025,Aarav,Chatterjee,22.0,M,2004-07-22,a***************@yahoo.com,+91-******2872,3b6f062d77b26065
P1026,Ira,Ghosh,89.0,M,1937-10-17,i*********@hotmail.com,+91-******5852,c19551c773976287
P1027,Reyansh,Banerjee,49.0,F,1977-10-11,r***************@gmail.com,+91-******6699,f033f74585ca0ac9
P1028,Aadhya,Mishra,59.0,F,1967-10-10,a************@gmail.com,+91-******8647,48e69be23928a6d3
P1029,Diya,Ghosh,42.0,F,1984-12-06,d*********@rediffmail.com,+91-******3245,ae8add5e2b5a7da6
P1030,Aditya,Kulkarni,60.0,F,1966-10-28,a**************@gmail.com,+91-******2378,68c1f6cd2204ee3a
P1031,Shaurya,Patel,80.0,M,1946-12-17,s************@gmail.com,+91-******2643,e2305aa80905ada0
P1032,Kavya,Gupta,15.0,M,2011-07-27,k**********@rediffmail.com,+91-******9918,38071e4c4b90feab
P1033,Aadhya,Kulkarni,62.0,M,1964-04-09,a**************@hotmail.com,+91-******4498,e30ec22a134adfee
P1034,Ishaan,Iyer,62.0,M,1964-08-14,i**********@outlook.com,+91-******4033,64ddf0cc8598adad
P1035,Vivaan,Ghosh,47.0,F,1979-09-01,v***********@hotmail.com,+91-******2414,d88fba3c8073af55
P1036,Riya,Reddy,62.0,F,1964-07-09,r*********@rediffmail.com,+91-******7896,e0f95c940d08624f
P1037,Muhammad,Ghosh,51.0,M,1975-01-20,m*************@rediffmail.com,+91-******8772,afa962c23cad341f
P1038,Ira,Patel,55.0,M,1971-05-04,i********@yahoo.com,+91-******8741,6a1d05297296389e
P1039,Shaurya,Agarwal,64.0,F,1962-01-12,s**************@hotmail.com,+91-******1542,3d6db7d02b273cc2
P1040,Muhammad,Joshi,3.0,M,2023-07-06,m*************@hotmail.com,+91-******3128,e62c04861301d5df
P1041,Shaurya,Gupta,51.0,F,1975-08-19,s************@hotmail.com,+91-******0848,9e9092b91af8eed0
P1042,Arjun,Kulkarni,7.0,M,2019-09-01,a*************@hotmail.com,+91-******3124,0e8e5feeacadf4a0
P1043,Arjun,Reddy,21.0,M,2005-07-23,a**********@hotmail.com,+91-******6217,028c41d63f69279d
P1044,Sai,Iyer,73.0,M,1953-05-09,s*******@yahoo.com,+91-******1644,62ff315ec95cf152
P1045,Kavya,Reddy,39.0,M,1987-05-04,k**********@yahoo.com,+91-******3159,09348897270fc901
P1046,Saanvi,Sharma,18.0,M,2008-11-28,s************@yahoo.com,+91-******8191,c92af55007ca65a9
P1047,Ishaan,Chatterjee,4.0,M,2022-07-16,i****************@rediffmail.com,+91-******9872,d153d15f08bd1389
P1048,Sai,Mishra,89.0,M,1937-09-13,s*********@gmail.com,+91-******5636,8b0e327bca94dce5
P1049,Aadhya,Joshi,60.0,F,1966-03-08,a***********@rediffmail.com,+91-******0490,35f9ab2c175a312a
P1050,Aarav,Das,14.0,F,2012-11-08,a********@yahoo.com,+91-******5622,eb9243e683e7b274
P1051,Aadhya,Chatterjee,9.0,F,2017-05-15,a****************@outlook.com,+91-******9494,3157eb47074daa84
P1052,Sai,Khan,53.0,F,1973-10-09,s*******@gmail.com,+91-******2365,1a6c56e0c65b72db
P1053,Myra,Banerjee,2.0,F,2024-10-14,m************@gmail.com,+91-******5719,dec010b62871264a
P1054,Muhammad,Patel,84.0,M,1942-01-15,m*************@rediffmail.com,+91-******9821,eabf1e495650bee0
P1055,Ishaan,Chatterjee,60.0,M,1966-10-25,i****************@gmail.com,+91-******1200,0a66fc7596354bb8
P1056,Saanvi,Das,71.0,F,1955-12-06,s*********@rediffmail.com,+91-******3628,9be5c098c761d9fa
P1057,Ishaan,Gupta,44.0,M,1982-08-16,i***********@outlook.com,+91-******5437,f7d6c5cbcdb7cd43
P1058,Diya,Mehta,8.0,F,2018-01-10,d*********@yahoo.com,+91-******6368,537806a15aaa9c46
P1059,Ishaan,Banerjee,47.0,F,1979-10-13,i**************@outlook.com,+91-******3112,0adaa2d1cb62eca0
P1060,Riya,Singh,35.0,M,1991-08-04,r*********@yahoo.com,+91-******5930,399cad7e2fd246eb
P1061,Sai,Ghosh,78.0,M,1948-07-11,s********@hotmail.com,+91-******9358,d7168c245107c946
P1062,Aarav,Singh,81.0,M,1945-01-11,a**********@rediffmail.com,+91-******2051,7764065d75802fe9
P1063,Shaurya,Mishra,36.0,F,1990-07-20,s*************@gmail.com,+91-******7084,740fe41b81b29f55
P1064,Kavya,Kulkarni,50.0,M,1976-08-12,k*************@yahoo.com,+91-******0204,c90d8488c1c0eff1
P1065,Ishaan,Kulkarni,4.0,F,2022-10-10,i**************@hotmail.com,+91-******5206,d5581e13e655e01a
P1066,Riya,Singh,2.0,F,2024-11-07,r*********@outlook.com,+91-******6046,c0bdab2806b241be
P1067,Reyansh,Pillai,6.0,F,2020-12-14,r*************@hotmail.com,+91-******4047,ef7ab22c188f57c3
P1068,Sai,Banerjee,54.0,M,1972-02-05,s***********@yahoo.com,+91-******5500,860c54a3699c33c9
P1069,Krishna,Nair,4.0,M,2022-07-27,k***********@yahoo.com,+91-******9401,9c877c2dc1e0b7e3
P1070,Ira,Sharma,54.0,F,1972-02-05,i*********@outlook.com,+91-******0232,aa88816b827f8e89
P1071,Saanvi,Ghosh,63.0,M,1963-12-24,s***********@gmail.com,+91-******8977,a23f59ccdfcfba7e
P1072,Krishna,Banerjee,18.0,M,2008-02-22,k***************@yahoo.com,+91-******7037,7fa979583c280879
P1073,Ananya,Pillai,44.0,M,1982-03-26,a************@outlook.com,+91-******5165,eeaf371e3b1ab4b7
P1074,Riya,Patel,34.0,F,1992-09-09,r*********@hotmail.com,+91-******9588,c6e381cad07a50ba
P1075,Krishna,Khan,74.0,F,1952-12-14,k***********@yahoo.com,+91-******5235,a508d4d8d56be19c
P1076,Kavya,Joshi,62.0,M,1964-12-26,k**********@hotmail.com,+91-******1998,1e2b124bd3be992c
P1077,Myra,Singh,14.0,F,2012-03-03,m*********@hotmail.com,+91-******9409,0c56610dfb42074d
P1078,Reyansh,Reddy,48.0,M,1978-12-04,r************@yahoo.com,+91-******5806,fd162e1f86eaabde
P1079,Diya,Mishra,15.0,M,2011-06-05,d**********@hotmail.com,+91-******4080,07d6eca6b4ae5c04
P1080,Shaurya,Chatterjee,72.0,M,1954-11-04,s*****************@rediffmail.com,+91-******1867,c73a34198b7773db
P1081,Kavya,Ghosh,78.0,M,1948-04-28,k**********@rediffmail.com,+91-******3943,3f9232cdc2498959
P1082,Sai,Joshi,87.0,F,1939-11-27,s********@gmail.com,+91-******5504,8036449ce28d3e6d
P1083,Arjun,Banerjee,62.0,F,1964-02-24,a*************@outlook.com,+91-******0285,142fa59a1062db22
P1084,Aditya,Patel,40.0,F,1986-03-25,a************@hotmail.com,+91-******5666,be39fda3d3e047b7
P1085,Diya,Naidu,85.0,M,1941-06-14,d*********@hotmail.com,+91-******8399,c3d4891554b03ac8
P1086,Vivaan,Chatterjee,80.0,M,1946-04-25,v*****************@gmail.com,+91-******0915,b0fa0ed1b9e98017
P1087,Vivaan,Sharma,82.0,M,1944-11-26,v*************@yahoo.com,+91-******1488,9e2eaf7041e29bb3
P1088,Ira,Chatterjee,53.0,F,1973-02-13,i*************@outlook.com,+91-******1920,83b5e3ce11de7f7b
P1089,Ishaan,Mishra,24.0,M,2002-07-28,i************@gmail.com,+91-******7422,ad0fd6916e746107
P1090,Vivaan,Reddy,26.0,F,2000-02-05,v***********@outlook.com,+91-******1187,dcd54ed7c24bc383
P1091,Ira,Sharma,89.0,F,1937-11-11,i**********@outlook.com,+91-******3158,b2486d67dfedceaa
P1092,Reyansh,Verma,60.0,F,1966-01-02,r************@yahoo.com,+91-******1814,c79cb34e3742a471
P1093,Anika,Pillai,41.0,F,1985-06-20,a***********@outlook.com,+91-******9284,ba2f2782371953d9
P1094,Kavya,Agarwal,29.0,F,1997-10-06,k************@rediffmail.com,+91-******6383,42a632dd3cf30035
P1095,Anika,Verma,15.0,F,2011-05-24,a**********@outlook.com,+91-******4671,5437a0a80a284aae
P1096,Myra,Agarwal,45.0,M,1981-11-26,m***********@hotmail.com,+91-******4766,97a30ca5974d706f
P1097,Shaurya,Mehta,65.0,M,1961-04-08,s************@outlook.com,+91-******2005,8cda467181d793bb
P1098,Reyansh,Chatterjee,89.0,F,1937-03-06,r*****************@yahoo.com,+91-******5381,a24ec7a9f0c18dac
P1099,Vivaan,Agarwal,71.0,F,1955-05-26,v*************@hotmail.com,+91-******4348,0eb35e002d76a27e
P1100,Muhammad,Joshi,9.0,M,2017-05-02,m*************@rediffmail.com,+91-******6219,2a2d690806846104
P1101,Shaurya,Agarwal,88.0,F,1938-04-27,s**************@rediffmail.com,+91-******3590,9a755bbed9a06ef0
P1102,Myra,Kulkarni,1.0,F,2025-02-27,m************@rediffmail.com,+91-******6900,c68555727b39598f
P1103,Ishaan,Banerjee,8.0,M,2018-10-18,i**************@hotmail.com,+91-******5981,baac44b477742910
P1104,Vivaan,Verma,88.0,F,1938-06-03,v***********@gmail.com,+91-******1100,3b81408f19a70d5b
P1105,Muhammad,Singh,63.0,F,1963-05-04,m*************@yahoo.com,+91-******8427,61708f785bcdd560
P1106,Sara,Nair,11.0,F,2015-07-20,s********@outlook.com,+91-******0110,197ff2867f209ee6
P1107,Anika,Joshi,81.0,M,1945-01-24,a**********@yahoo.com,+91-******8148,30d23413eb04a8c7
P1108,Ishaan,Kulkarni,8.0,M,2018-02-08,i**************@outlook.com,+91-******1573,b457a31b2a6bcbc4
P1109,Vivaan,Chatterjee,35.0,M,1991-10-10,v****************@outlook.com,+91-******8471,cfdca4f3d7400b34
P1110,Ira,Khan,35.0,F,1991-05-28,i*******@rediffmail.com,+91-******0929,50ae3be18a84f14b
P1111,Krishna,Sharma,33.0,F,1993-06-15,k*************@yahoo.com,+91-******5000,a3c57a2bec4fca83
P1112,Sara,Mishra,5.0,M,2021-11-03,s**********@hotmail.com,+91-******4545,6d2af6fc582ed8e9
P1113,Anika,Pillai,41.0,F,1985-03-10,a***********@rediffmail.com,+91-******1466,4342c3536ceb1010
P1114,Anika,Sharma,28.0,F,1998-09-03,a***********@yahoo.com,+91-******4337,834222f901b040f2
P1115,Sara,Singh,7.0,F,2019-05-21,s*********@hotmail.com,+91-******9477,2b26abd3575ce761
P1116,Vivaan,Ghosh,73.0,F,1953-03-15,v***********@yahoo.com,+91-******8866,b5c43490f6f69b8a
P1117,Aarav,Pillai,72.0,F,1954-02-11,a***********@rediffmail.com,+91-******0974,c2ab95e825ca1845
P1118,Vivaan,Reddy,12.0,M,2014-06-19,v***********@yahoo.com,+91-******6899,c66fcb4e3f7b4aa7
P1119,Aditya,Joshi,34.0,F,1992-04-07,a***********@outlook.com,+91-******5339,24e48d95db633259
P1120,Aarav,Ghosh,33.0,M,1993-12-12,a**********@hotmail.com,+91-******6275,be48b689d49130a1
P1121,Riya,Gupta,48.0,F,1978-09-09,r*********@rediffmail.com,+91-******8655,f5320a5b72679e0a
P1122,Ananya,Verma,23.0,M,2003-01-02,a***********@hotmail.com,+91-******1258,521c5e760c3f3c55
P1123,Sara,Khan,62.0,F,1964-07-20,s********@gmail.com,+91-******3410,6674483fb00736cf
P1124,Myra,Verma,88.0,M,1938-05-26,m*********@outlook.com,+91-******5317,de22bf6e2ffcb7ae
P1125,Reyansh,Reddy,37.0,F,1989-01-19,r************@gmail.com,+91-******1130,7a8a282d97bfd841
P1126,Ira,Gupta,44.0,M,1982-09-07,i********@gmail.com,+91-******3847,9c375d0fbcabf12a
P1127,Myra,Singh,86.0,F,1940-08-07,m**********@hotmail.com,+91-******0614,e7dbf527c6cfd7cd
P1128,Diya,Patel,35.0,M,1991-02-19,d*********@yahoo.com,+91-******0979,4b1074691f4654c9
P1129,Vivaan,Joshi,65.0,F,1961-09-09,v***********@hotmail.com,+91-******5992,2a6c0b50dc5ae323
P1130,Shaurya,Sharma,47.0,M,1979-06-23,s*************@hotmail.com,+91-******5716,f25cd93261c65461
P1131,Shaurya,Banerjee,78.0,M,1948-02-21,s***************@rediffmail.com,+91-******4323,a60ad4e93dcacf36
P1132,Ishaan,Banerjee,3.0,F,2023-10-20,i***************@hotmail.com,+91-******5376,39b0ec6156454bfa
P1133,Sai,Banerjee,1.0,F,2025-12-15,s***********@gmail.com,+91-******5745,1e1c9864ea4f80a9
P1134,Ira,Verma,5.0,M,2021-11-04,i********@outlook.com,+91-******2787,c97d0c91a2847a6e
P1135,Shaurya,Banerjee,14.0,F,2012-01-09,s***************@yahoo.com,+91-******2437,b1f484aa09d65846
P1136,Aadhya,Verma,27.0,M,1999-04-05,a***********@outlook.com,+91-******5490,0b167603a30df161
P1137,Aditya,Iyer,9.0,M,2017-09-23,a**********@rediffmail.com,+91-******9624,0186a44ebb0ebda5
P1138,Saanvi,Mehta,79.0,M,1947-02-22,s***********@outlook.com,+91-******1555,bc86eced81b9edae
P1139,Aarav,Agarwal,15.0,F,2011-11-26,a************@yahoo.com,+91-******7841,19c4f1fa329e3c3d
P1140,Shaurya,Singh,42.0,M,1984-08-02,s************@outlook.com,+91-******6690,0cb1f2a8f30b4760
P1141,Sai,Kulkarni,77.0,M,1949-06-05,s***********@rediffmail.com,+91-******1720,473d3d651eb43cda
P1142,Saanvi,Naidu,51.0,F,1975-06-19,s***********@gmail.com,+91-******9930,7a97f7ea90119044
P1143,Arjun,Nair,63.0,F,1963-09-16,a*********@hotmail.com,+91-******3770,187122a721f0896e
P1144,Aadhya,Mehta,52.0,F,1974-04-10,a***********@gmail.com,+91-******5362,a9cb779f8f338776
P1145,Ananya,Pillai,4.0,F,2022-08-28,a************@yahoo.com,+91-******3231,f31201e899848f7e
P1146,Krishna,Khan,23.0,M,2003-08-07,k***********@outlook.com,+91-******4276,4b85ccf07011600d
P1147,Reyansh,Pillai,15.0,M,2011-07-15,r*************@outlook.com,+91-******4447,97d2d3757efd17ad
P1148,Muhammad,Chatterjee,43.0,M,1983-01-19,m******************@hotmail.com,+91-******5907,fdb3749bbaedd9aa
P1149,Ishaan,Nair,29.0,M,1997-04-16,i**********@yahoo.com,+91-******5986,88441ee045af18c3
P1150,Anika,Agarwal,36.0,F,1990-09-02,a************@hotmail.com,+91-******2498,bb8e2af8955c3a3c
P1151,Krishna,Sharma,13.0,M,2013-10-21,k*************@gmail.com,+91-******2588,89ead4ab1813d873
P1152,Diya,Joshi,32.0,M,1994-01-17,d*********@hotmail.com,+91-******1168,056a79ef92bc6ec0
P1153,Ira,Kulkarni,71.0,F,1955-06-13,i***********@rediffmail.com,+91-******8010,8e1f8b4dee71fbca
P1154,Myra,Chatterjee,59.0,M,1967-12-06,m**************@rediffmail.com,+91-******1792,c231ec1c4a2c3123
P1155,Diya,Naidu,86.0,M,1940-11-09,d*********@gmail.com,+91-******6941,8ef15b5add861709
P1156,Reyansh,Mehta,28.0,M,1998-07-22,r************@hotmail.com,+91-******0427,52262b9ec8213ddf
P1157,Arjun,Agarwal,66.0,M,1960-10-13,a************@hotmail.com,+91-******1733,ab4a89b331a399dd
P1158,Muhammad,Joshi,42.0,M,1984-10-10,m*************@outlook.com,+91-******4334,0ff9931b22a04906
P1159,Arjun,Banerjee,45.0,M,1981-06-25,a*************@yahoo.com,+91-******7644,3ed103be0005dc3c
P1160,Ananya,Joshi,62.0,F,1964-09-03,a***********@outlook.com,+91-******8314,43ca46f59d17b572
P1161,Krishna,Agarwal,57.0,F,1969-03-09,k**************@hotmail.com,+91-******6070,485c10d271d9a2d6
P1162,Reyansh,Reddy,6.0,M,2020-12-21,r************@outlook.com,+91-******7801,534b1f1fb22eea44
P1163,Anika,Naidu,28.0,M,1998-11-20,a**********@rediffmail.com,+91-******5191,747c3422db5e6c22
P1164,Sara,Kulkarni,28.0,F,1998-07-09,s************@yahoo.com,+91-******1586,193126b2ccd5839d
P1165,Ira,Singh,44.0,M,1982-07-22,i********@rediffmail.com,+91-******6118,db02db056bca53ee
P1166,Krishna,Banerjee,84.0,M,1942-09-17,k***************@rediffmail.com,+91-******9397,e5e26fedc51eff19
P1167,Riya,Mehta,30.0,M,1996-06-26,r*********@rediffmail.com,+91-******0118,8b4b39fc53ce5566
P1168,Myra,Agarwal,62.0,F,1964-08-25,m***********@rediffmail.com,+91-******5589,c235bdbf03df8a9f
P1169,Krishna,Reddy,75.0,M,1951-04-17,k*************@hotmail.com,+91-******5910,c2b95d5e2fe462ed
P1170,Aditya,Mehta,89.0,F,1937-12-08,a***********@rediffmail.com,+91-******5626,2c6a0cf71c2539cd
P1171,Ishaan,Banerjee,62.0,M,1964-12-20,i***************@hotmail.com,+91-******9167,479582a6eeb9cd3b
P1172,Sara,Banerjee,1.0,F,2025-06-07,s************@yahoo.com,+91-******3300,991f1ec8524775c7
P1173,Aadhya,Mehta,27.0,F,1999-10-06,a***********@rediffmail.com,+91-******9808,77182c117786e106
P1174,Shaurya,Naidu,62.0,M,1964-10-05,s************@outlook.com,+91-******2704,59cd79cfb3605114
P1175,Muhammad,Mishra,77.0,F,1949-10-02,m**************@hotmail.com,+91-******4434,0b05324f4c52ed4d
P1176,Riya,Patel,3.0,M,2023-02-19,r*********@outlook.com,+91-******4871,43db695dcfa37b10
P1177,Reyansh,Patel,70.0,F,1956-10-04,r************@gmail.com,+91-******9152,f6bcd95733f4fd36
P1178,Kavya,Naidu,72.0,M,1954-02-15,k**********@outlook.com,+91-******4641,5a76b34372fdebfb
P1179,Sai,Naidu,27.0,M,1999-04-05,s********@hotmail.com,+91-******0416,d8e46f2689a32342
P1180,Anika,Gupta,9.0,F,2017-12-09,a**********@outlook.com,+91-******6034,f6629496e6528963
P1181,Shaurya,Chatterjee,62.0,M,1964-08-09,s*****************@outlook.com,+91-******3772,3b6f4f72a597bd9c
P1182,Aarav,Das,37.0,M,1989-03-15,a********@outlook.com,+91-******1837,39c2a189daabc81a
P1183,Shaurya,Pillai,51.0,F,1975-07-21,s*************@rediffmail.com,+91-******6003,1383978cf6919331
P1184,Shaurya,Singh,44.0,M,1982-01-23,s*************@outlook.com,+91-******3210,ee146d2219441919
P1185,Aditya,Kulkarni,24.0,M,2002-07-25,a**************@outlook.com,+91-******6129,a589164f9c8e62c1
P1186,Sara,Mishra,79.0,F,1947-04-03,s**********@yahoo.com,+91-******6403,d2e61d70503b6299
P1187,Aditya,Das,59.0,F,1967-10-20,a*********@gmail.com,+91-******2366,9f7d974eb2fbefa5
P1188,Ananya,Agarwal,32.0,M,1994-07-04,a*************@hotmail.com,+91-******2291,9166edb83d20f5cc
P1189,Aditya,Mehta,88.0,M,1938-11-06,a***********@yahoo.com,+91-******5687,01135728d3ac366c
P1190,Aarav,Ghosh,52.0,F,1974-07-23,a**********@rediffmail.com,+91-******0106,df936b32d7d27f28
P1191,Aditya,Mishra,62.0,F,1964-06-13,a************@rediffmail.com,+91-******1674,cb2161c76eebf6d2
P1192,Aarav,Iyer,58.0,M,1968-11-24,a*********@hotmail.com,+91-******1955,d5915035d19711fb
P1193,Ira,Das,52.0,F,1974-12-04,i******@yahoo.com,+91-******8909,7e1f744d139efe0e
P1194,Ananya,Das,12.0,M,2014-08-28,a*********@gmail.com,+91-******5455,ab083d77f67667c1
P1195,Aditya,Das,39.0,M,1987-08-12,a*********@hotmail.com,+91-******1749,daea2c399540997e
P1196,Shaurya,Patel,2.0,M,2024-02-17,s************@rediffmail.com,+91-******7835,26f7e74efe52a540
P1197,Krishna,Nair,3.0,M,2023-06-07,k***********@gmail.com,+91-******3129,f04a3fb41be8089b
P1198,Kavya,Naidu,56.0,M,1970-01-08,k***********@outlook.com,+91-******3665,43c9f7490f37a1f9
P1199,Aditya,Pillai,81.0,F,1945-03-23,a************@hotmail.com,+91-******7348,8beed4f2923c9c3b
P1200,Saanvi,Kulkarni,59.0,F,1967-10-19,s**************@outlook.com,+91-******7549,cbb81400dbdaa3cd
P1201,Myra,Reddy,2.0,F,2024-04-05,m*********@gmail.com,+91-******3744,0801b4d6d9729a82
P1202,Aarav,Mishra,2.0,F,2024-08-09,a***********@hotmail.com,+91-******0811,fc8f623c730257a5
P1203,Aadhya,Nair,54.0,M,1972-11-10,a**********@gmail.com,+91-******8221,8225bec4199fe0d8
P1204,Shaurya,Sharma,87.0,M,1939-04-05,s*************@outlook.com,+91-******4137,3676db6af29a0f37
P1205,Sai,Naidu,1.0,M,2025-02-02,s********@yahoo.com,+91-******9381,2483cda2cdfe5278
P1206,Diya,Banerjee,19.0,M,2007-05-15,d************@rediffmail.com,+91-******7032,de2033cdb8f24ca2
P1207,Sai,Ghosh,2.0,F,2024-03-14,s********@yahoo.com,+91-******1912,48399b9b53316131
P1208,Aarav,Joshi,53.0,M,1973-05-06,a**********@yahoo.com,+91-******7364,30c127b31f382145
P1209,Arjun,Mishra,44.0,M,1982-11-08,a***********@gmail.com,+91-******8802,f52a825c878af0e1
P1210,Saanvi,Sharma,32.0,F,1994-12-23,s************@outlook.com,+91-******2140,df861b3f363b8267
P1211,Ishaan,Agarwal,70.0,F,1956-01-17,i*************@outlook.com,+91-******3564,9903ae656b8e80d7
P1212,Shaurya,Joshi,32.0,F,1994-09-28,s************@rediffmail.com,+91-******6659,614d4dc12fb63617
P1213,Sai,Pillai,68.0,F,1958-12-18,s*********@outlook.com,+91-******0044,c54625f6ea1e9d06
P1214,Riya,Mishra,55.0,M,1971-03-20,r**********@hotmail.com,+91-******9130,ee111306362091df
P1215,Ira,Naidu,75.0,M,1951-08-01,i********@outlook.com,+91-******5488,6620ac00b7766d2a
P1216,Riya,Sharma,56.0,F,1970-07-12,r**********@outlook.com,+91-******2460,416a226726494f42
P1217,Krishna,Iyer,17.0,M,2009-03-02,k***********@yahoo.com,+91-******9884,b3a7cbdaf935f315
P1218,Ira,Iyer,38.0,M,1988-09-27,i*******@gmail.com,+91-******8138,e6f10d1496fcf0cd
P1219,Muhammad,Nair,24.0,M,2002-11-10,m************@rediffmail.com,+91-******4142,dab744cea374810f
P1220,Shaurya,Singh,69.0,F,1957-03-15,s************@gmail.com,+91-******6766,dd41123cfd3cc228
P1221,Diya,Nair,70.0,M,1956-10-08,d********@gmail.com,+91-******7680,9d5e82ba4c704763
P1222,Muhammad,Verma,86.0,F,1940-10-17,m*************@hotmail.com,+91-******2006,7e64633e43879039
P1223,Sara,Das,11.0,M,2015-10-09,s*******@hotmail.com,+91-******1674,45cf4bb467a38879
P1224,Aadhya,Ghosh,16.0,M,2010-07-04,a***********@outlook.com,+91-******5007,c527a609b122b251
P1225,Muhammad,Gupta,73.0,M,1953-07-21,m*************@rediffmail.com,+91-******8258,2605ebd45582cf61
P1226,Kavya,Chatterjee,59.0,F,1967-12-16,k***************@rediffmail.com,+91-******8456,50d3945a4f03f515
P1227,Aadhya,Reddy,70.0,M,1956-12-14,a***********@outlook.com,+91-******4902,f28206e79c6b3fe5
P1228,Anika,Iyer,80.0,F,1946-07-05,a*********@hotmail.com,+91-******4412,bcd9e1e6a3112c74
P1229,Arjun,Das,3.0,F,2023-09-13,a********@hotmail.com,+91-******9068,1258e273841d6528
P1230,Kavya,Mehta,20.0,F,2006-12-27,k**********@gmail.com,+91-******9054,57e24658ca4bd0db
P1231,Riya,Das,59.0,M,1967-11-01,r*******@gmail.com,+91-******4736,e840f019f50bd3fa
P1232,Ishaan,Kulkarni,36.0,M,1990-05-07,i**************@rediffmail.com,+91-******9916,6fe61bb6b0985daf
P1233,Ishaan,Agarwal,19.0,M,2007-05-22,i*************@rediffmail.com,+91-******3833,d7211a61afac2ee1
P1234,Ananya,Banerjee,67.0,M,1959-07-22,a**************@gmail.com,+91-******4512,e6895f5fc57a08f9
P1235,Arjun,Ghosh,19.0,F,2007-12-23,a**********@outlook.com,+91-******1936,445d66ab7ad29134
P1236,Myra,Sharma,20.0,F,2006-03-22,m**********@yahoo.com,+91-******3281,8666742590d725fa
P1237,Ishaan,Kulkarni,71.0,F,1955-07-19,i***************@hotmail.com,+91-******2021,b51c6b796282bd1a
P1238,Ishaan,Mishra,52.0,M,1974-10-25,i************@rediffmail.com,+91-******4150,19835c6c092e1d99
P1239,Ananya,Singh,33.0,F,1993-04-24,a***********@yahoo.com,+91-******3786,dbf30b4748faf995
P1240,Anika,Ghosh,40.0,M,1986-10-10,a**********@outlook.com,+91-******3716,5ba864b07d3c9539
P1241,Aadhya,Chatterjee,39.0,F,1987-06-25,a****************@yahoo.com,+91-******5578,e678a8a60c3ca9f4
P1242,Ishaan,Nair,82.0,M,1944-12-21,i***********@yahoo.com,+91-******7294,2e23596e4c10c4bb
P1243,Aadhya,Chatterjee,1.0,M,2025-07-04,a****************@gmail.com,+91-******9531,5cdf97665094c444
P1244,Saanvi,Singh,11.0,F,2015-02-17,s***********@hotmail.com,+91-******9184,36013ece8708d9fa
P1245,Arjun,Chatterjee,57.0,F,1969-03-02,a***************@hotmail.com,+91-******4082,e9dce10ee6aa57ea
P1246,Ira,Iyer,89.0,F,1937-02-24,i*******@hotmail.com,+91-******9714,d59284ad8c4f25a9
P1247,Arjun,Agarwal,50.0,F,1976-07-24,a************@gmail.com,+91-******1361,40e98881e3d7dcfd
P1248,Saanvi,Gupta,23.0,M,2003-03-04,s***********@gmail.com,+91-******5345,7d8681fc891c5fbe
P1249,Kavya,Pillai,31.0,F,1995-08-26,k***********@rediffmail.com,+91-******4687,8214a769b681457b
P1250,Arjun,Singh,42.0,F,1984-02-09,a**********@hotmail.com,+91-******7041,ebb4a205d7e97d59
P1251,Aarav,Pillai,7.0,F,2019-06-22,a***********@outlook.com,+91-******4312,6686e33c150fdfd8
P1252,Aadhya,Agarwal,16.0,M,2010-04-11,a*************@rediffmail.com,+91-******0851,56344c98d89eeb17
P1253,Aditya,Mishra,60.0,M,1966-09-18,a************@gmail.com,+91-******4244,2d65890127dbc0ea
P1254,Muhammad,Khan,2.0,F,2024-02-25,m************@yahoo.com,+91-******9408,e5e964ae0255b61e
P1255,Aadhya,Chatterjee,1.0,M,2025-05-20,a*****************@yahoo.com,+91-******9415,b6d611a6bf7ed1c9
P1256,Krishna,Mehta,48.0,F,1978-11-19,k************@yahoo.com,+91-******9816,99c98a3b785e6ed8
P1257,Ishaan,Banerjee,12.0,M,2014-02-13,i***************@hotmail.com,+91-******3177,0cda66537e5e9f25
P1258,Diya,Pillai,69.0,M,1957-10-23,d**********@hotmail.com,+91-******4117,855e7cd8ce66c84d
P1259,Reyansh,Pillai,37.0,M,1989-09-23,r**************@hotmail.com,+91-******3780,3fc9cab2d510c4f2
P1260,Ananya,Mishra,32.0,M,1994-01-13,a************@outlook.com,+91-******5967,d81a603b2c70c0aa
P1261,Saanvi,Nair,9.0,F,2017-06-27,s**********@yahoo.com,+91-******9947,f975755f0b80f68e
P1262,Vivaan,Ghosh,19.0,F,2007-09-02,v***********@rediffmail.com,+91-******1819,89fc3c3789f9c3f9
P1263,Riya,Das,48.0,F,1978-11-03,r********@gmail.com,+91-******3243,2334f31fa1478de6
P1264,Anika,Ghosh,80.0,M,1946-01-11,a**********@yahoo.com,+91-******5590,c9d165f37ba6dd1c
P1265,Aarav,Nair,3.0,F,2023-09-08,a*********@rediffmail.com,+91-******5885,8dc0ac2703a06610
P1266,Aditya,Kulkarni,20.0,F,2006-06-10,a**************@yahoo.com,+91-******8354,5213fa189a1fe86f
P1267,Saanvi,Khan,24.0,F,2002-07-09,s**********@yahoo.com,+91-******8525,88b8d36102a945d2
P1268,Krishna,Kulkarni,54.0,M,1972-02-06,k***************@hotmail.com,+91-******7569,6dbe009f98604902
P1269,Aarav,Verma,33.0,M,1993-12-11,a**********@hotmail.com,+91-******4268,6b57d9ec4fbf9a3c
P1270,Reyansh,Nair,24.0,M,2002-07-11,r***********@gmail.com,+91-******9475,622f950d3654b4a9
P1271,Muhammad,Pillai,75.0,F,1951-11-10,m**************@gmail.com,+91-******9013,2a3cfd40ad7d0c5f
P1272,Sai,Chatterjee,72.0,F,1954-11-05,s*************@hotmail.com,+91-******7050,828375c13bd865a5
P1273,Kavya,Banerjee,36.0,F,1990-05-07,k*************@outlook.com,+91-******2445,af134d36b77e8aef
P1274,Sara,Ghosh,38.0,M,1988-09-15,s*********@outlook.com,+91-******4388,b9f820affe00e2db
P1275,Anika,Iyer,84.0,M,1942-10-03,a**********@hotmail.com,+91-******5927,23e959954c2f63fd
P1276,Kavya,Mishra,89.0,F,1937-01-11,k***********@yahoo.com,+91-******9527,ce0834d64a87e219
P1277,Sai,Mishra,25.0,M,2001-02-06,s*********@yahoo.com,+91-******7990,ebb44130bf6c41c4
P1278,Aditya,Naidu,18.0,M,2008-10-07,a***********@hotmail.com,+91-******9071,6d224a7164c7f9aa
P1279,Ira,Reddy,82.0,M,1944-02-13,i********@gmail.com,+91-******5743,81590ff7798f9c79
P1280,Anika,Pillai,66.0,M,1960-06-02,a************@outlook.com,+91-******5609,7220c5473770492c
P1281,Krishna,Joshi,54.0,F,1972-01-21,k************@yahoo.com,+91-******9570,6349ffe9945535b7
P1282,Kavya,Chatterjee,35.0,M,1991-09-09,k***************@outlook.com,+91-******1043,399e06c653080734
P1283,Sara,Mishra,80.0,M,1946-02-17,s**********@rediffmail.com,+91-******9982,928e5da49715b79c
P1284,Vivaan,Mishra,61.0,M,1965-04-19,v************@outlook.com,+91-******9410,453c006b3fd86d72
P1285,Riya,Agarwal,41.0,M,1985-03-09,r***********@yahoo.com,+91-******1254,19f6b98adae586d0
P1286,Aditya,Mishra,33.0,F,1993-10-05,a************@yahoo.com,+91-******5234,43091f5166cd862d
P1287,Ishaan,Kulkarni,68.0,F,1958-02-01,i***************@hotmail.com,+91-******8506,991cb8b238b08344
P1288,Riya,Khan,33.0,M,1993-08-22,r********@yahoo.com,+91-******2850,dd23f9f847b2c9c1
P1289,Reyansh,Reddy,14.0,M,2012-12-25,r*************@yahoo.com,+91-******0779,6b462318d8209fd0
P1290,Aditya,Mishra,21.0,M,2005-12-24,a************@hotmail.com,+91-******5760,8b2a78e52cd1c93c
P1291,Anika,Verma,48.0,M,1978-09-14,a**********@gmail.com,+91-******0039,367d93aeb417b990
P1292,Myra,Ghosh,20.0,M,2006-05-10,m*********@hotmail.com,+91-******1875,935067c06be3c712
P1293,Aditya,Reddy,8.0,M,2018-10-23,a***********@hotmail.com,+91-******4997,dd2037e5097c1154
P1294,Ira,Naidu,7.0,F,2019-10-02,i********@gmail.com,+91-******6891,9c6ae4ac4ec3a970
P1295,Muhammad,Agarwal,67.0,M,1959-01-26,m***************@rediffmail.com,+91-******0529,226df68f248d48e8
P1296,Aarav,Joshi,17.0,F,2009-10-07,a**********@hotmail.com,+91-******5221,c905c005ddb38833
P1297,Anika,Khan,33.0,F,1993-08-13,a*********@hotmail.com,+91-******7770,5dab51cf50ed4d3e
P1298,Ananya,Kulkarni,48.0,M,1978-09-27,a**************@hotmail.com,+91-******2052,11099eff4388d9f2
P1299,Aadhya,Mishra,76.0,F,1950-05-03,a************@hotmail.com,+91-******2835,04686868b50cbcd7
P1300,Vivaan,Agarwal,59.0,F,1967-11-24,v*************@rediffmail.com,+91-******9775,7db293385dfc5a4e
P1301,Reyansh,Patel,86.0,F,1940-12-08,r************@outlook.com,+91-******5137,fa41288b93846c7f
P1302,Arjun,Kulkarni,22.0,F,2004-01-28,a*************@outlook.com,+91-******9712,fc03c2f23035a055
P1303,Ira,Nair,30.0,F,1996-01-17,i*******@rediffmail.com,+91-******6631,b20c25eaf3d530a2
P1304,Myra,Khan,38.0,F,1988-11-07,m********@rediffmail.com,+91-******5164,2daae2196a5707ce
P1305,Shaurya,Kulkarni,51.0,M,1975-03-16,s***************@rediffmail.com,+91-******4459,5a822655c61d1914
P1306,Shaurya,Verma,54.0,F,1972-04-18,s************@rediffmail.com,+91-******7617,c4cf535d2a358705
P1307,Aadhya,Iyer,8.0,F,2018-05-09,a**********@rediffmail.com,+91-******1278,afa435848d7449f9
P1308,Sai,Mishra,27.0,F,1999-09-18,s*********@hotmail.com,+91-******0790,9d19a48d32d4d35a
P1309,Ananya,Agarwal,27.0,M,1999-11-17,a*************@outlook.com,+91-******8026,100c616548e38e66
P1310,Aarav,Singh,21.0,F,2005-02-06,a***********@rediffmail.com,+91-******9438,e2a422e74686347f
P1311,Anika,Joshi,30.0,M,1996-03-06,a**********@outlook.com,+91-******8800,9358a50de50c90ba
P1312,Sara,Verma,28.0,F,1998-01-25,s*********@gmail.com,+91-******9680,76579a78f2aa0b5c
P1313,Aarav,Nair,64.0,M,1962-09-27,a**********@rediffmail.com,+91-******2272,4ae09537eba4fa6b
P1314,Anika,Joshi,69.0,M,1957-10-15,a***********@yahoo.com,+91-******7372,a23e5e7bea009a1d
P1315,Kavya,Agarwal,61.0,F,1965-03-10,k************@hotmail.com,+91-******0684,9c9048b0bde4b2b5
P1316,Aadhya,Khan,48.0,F,1978-10-08,a**********@gmail.com,+91-******6534,45c2b286b2854caa
P1317,Ananya,Chatterjee,19.0,M,2007-11-08,a****************@gmail.com,+91-******6546,22c9cd96d4413400
P1318,Shaurya,Ghosh,4.0,F,2022-05-23,s************@hotmail.com,+91-******9440,1d372bcd255edfdf
P1319,Kavya,Chatterjee,35.0,M,1991-12-01,k***************@hotmail.com,+91-******7382,c52f68aaccc8c617
P1320,Arjun,Gupta,64.0,M,1962-03-02,a**********@yahoo.com,+91-******5387,e5a21d483e04eb93
P1321,Anika,Kulkarni,49.0,M,1977-12-02,a*************@outlook.com,+91-******8733,dff54273807e495b
P1322,Krishna,Iyer,17.0,M,2009-05-16,k************@yahoo.com,+91-******6822,2f7d8db5e5ca9a04
P1323,Shaurya,Verma,44.0,M,1982-04-01,s************@outlook.com,+91-******5172,ba7cd86b47f7c172
P1324,Saanvi,Naidu,30.0,F,1996-06-21,s************@gmail.com,+91-******0893,8e38ae43b2eb67e0
P1325,Ananya,Banerjee,46.0,M,1980-01-16,a**************@yahoo.com,+91-******6204,5d55c756aeabae99
P1326,Anika,Kulkarni,6.0,M,2020-02-17,a*************@rediffmail.com,+91-******6272,43a5f3b9a635d89f
P1327,Anika,Joshi,37.0,F,1989-04-11,a***********@yahoo.com,+91-******6097,ebd4e0b958e9cf22
P1328,Aditya,Das,24.0,M,2002-11-03,a**********@gmail.com,+91-******0775,84f6194635a30b9e
P1329,Arjun,Sharma,46.0,F,1980-12-19,a***********@gmail.com,+91-******1951,414ab4da8a8a8056
P1330,Myra,Agarwal,53.0,F,1973-06-26,m***********@outlook.com,+91-******9637,361edeb47425565a
P1331,Aadhya,Naidu,60.0,F,1966-04-17,a***********@gmail.com,+91-******1793,50224b36282dc5e4
P1332,Kavya,Joshi,63.0,M,1963-07-25,k**********@yahoo.com,+91-******5093,bc83ac153f207269
P1333,Kavya,Sharma,85.0,M,1941-05-08,k***********@hotmail.com,+91-******6226,df7e4b7c23935738
P1334,Myra,Iyer,32.0,M,1994-03-09,m********@yahoo.com,+91-******1671,ca88f964945f293d
P1335,Aadhya,Pillai,87.0,F,1939-12-23,a************@outlook.com,+91-******5561,3d2a0878b1464859
P1336,Arjun,Iyer,33.0,M,1993-12-21,a*********@hotmail.com,+91-******4632,04210ff970abc8aa
P1337,Vivaan,Chatterjee,67.0,F,1959-03-02,v****************@hotmail.com,+91-******1093,fe497e14ecf725ba
P1338,Aarav,Naidu,18.0,M,2008-08-19,a**********@rediffmail.com,+91-******6009,2c47d5d58b0d354d
P1339,Shaurya,Gupta,25.0,F,2001-04-18,s************@gmail.com,+91-******9481,96ee72d7617d97e7
P1340,Anika,Chatterjee,54.0,M,1972-06-12,a***************@hotmail.com,+91-******3853,d928103781956dbe
P1341,Riya,Das,58.0,M,1968-03-25,r*******@hotmail.com,+91-******8998,1508390bb12817ed
P1342,Reyansh,Nair,67.0,M,1959-06-07,r************@gmail.com,+91-******9729,f682997c8ad28d7e
P1343,Ira,Das,46.0,F,1980-05-06,i******@hotmail.com,+91-******0034,9b76cf07bc03c289
P1344,Aarav,Reddy,24.0,F,2002-11-13,a**********@gmail.com,+91-******5749,e38751c22e78da07
P1345,Aarav,Das,32.0,M,1994-01-08,a*********@yahoo.com,+91-******1020,7d3496902b17a355
P1346,Anika,Mishra,47.0,M,1979-11-09,a***********@hotmail.com,+91-******7668,200f97628efca3b8
P1347,Ananya,Khan,86.0,F,1940-04-19,a**********@rediffmail.com,+91-******1587,756661335ca868b5
P1348,Shaurya,Naidu,23.0,F,2003-12-23,s************@yahoo.com,+91-******8436,fcd93bd33a4e4ea7
P1349,Myra,Nair,66.0,F,1960-06-14,m********@hotmail.com,+91-******8017,f38dd6a2850bffa0
P1350,Diya,Verma,27.0,M,1999-10-08,d*********@rediffmail.com,+91-******2443,8f6ad1a9a2f48416
P1351,Arjun,Khan,2.0,F,2024-08-05,a*********@hotmail.com,+91-******0275,5e26eb97a5972bf6
P1352,Sai,Gupta,17.0,M,2009-08-23,s********@yahoo.com,+91-******8848,408e65abc5ed39f9
P1353,Ishaan,Kulkarni,33.0,F,1993-11-23,i***************@outlook.com,+91-******2130,088b85ad5613180c
P1354,Ira,Naidu,9.0,M,2017-05-15,i*********@gmail.com,+91-******2105,913356e009702d54
P1355,Ishaan,Iyer,43.0,F,1983-12-17,i**********@rediffmail.com,+91-******9364,a68db6562d562938
P1356,Ananya,Reddy,48.0,F,1978-08-03,a***********@gmail.com,+91-******6197,f7048b9c4ed011d6
P1357,Aditya,Verma,39.0,F,1987-07-18,a***********@outlook.com,+91-******5930,f6f3158d4d12b08a
P1358,Ishaan,Banerjee,42.0,F,1984-05-21,i**************@rediffmail.com,+91-******3247,6d3fe7d198fba789
P1359,Anika,Chatterjee,26.0,F,2000-04-07,a***************@yahoo.com,+91-******3318,e12131c75ecf2ffa
P1360,Diya,Verma,50.0,M,1976-01-06,d*********@hotmail.com,+91-******7988,03c0604deb9d6012
P1361,Anika,Patel,25.0,F,2001-03-06,a**********@yahoo.com,+91-******0705,cba3ac50d1608f4b
P1362,Aditya,Ghosh,24.0,F,2002-05-16,a***********@outlook.com,+91-******5267,09a2af81d1ed48c9
P1363,Sara,Iyer,13.0,F,2013-02-16,s********@yahoo.com,+91-******1941,6bc6a8c28d1414cb
P1364,Aarav,Ghosh,60.0,M,1966-12-21,a***********@hotmail.com,+91-******5314,ee001844bc1daec8
P1365,Anika,Das,7.0,F,2019-07-14,a********@rediffmail.com,+91-******2309,57ddfdb9c238558b
P1366,Myra,Gupta,57.0,M,1969-01-04,m*********@gmail.com,+91-******3873,697b9151244c00e0
P1367,Reyansh,Das,36.0,F,1990-03-21,r**********@outlook.com,+91-******4727,d87ba26bd574b8e3
P1368,Myra,Pillai,45.0,F,1981-06-03,m**********@rediffmail.com,+91-******3456,95834a10a72dc8c4
P1369,Myra,Joshi,20.0,M,2006-12-02,m*********@yahoo.com,+91-******1933,dd43a2c8d6f6d393
P1370,Myra,Nair,65.0,F,1961-04-03,m********@outlook.com,+91-******8413,5457cb7ccc5c856c
P1371,Diya,Joshi,8.0,M,2018-11-05,d*********@rediffmail.com,+91-******6858,6b2dda39fb58fb95
P1372,Arjun,Nair,16.0,M,2010-09-25,a*********@yahoo.com,+91-******3074,425062e79f645d6c
P1373,Sara,Patel,14.0,F,2012-03-06,s*********@outlook.com,+91-******0147,81d0e8cf9360edb2
P1374,Aditya,Verma,76.0,M,1950-10-08,a************@outlook.com,+91-******1768,5194da1081406c53
P1375,Krishna,Sharma,87.0,F,1939-02-14,k**************@yahoo.com,+91-******9109,c6d8baa2be5f532e
P1376,Krishna,Iyer,15.0,F,2011-03-03,k***********@rediffmail.com,+91-******1801,d4478d293cdc57a5
P1377,Shaurya,Nair,66.0,M,1960-06-15,s***********@rediffmail.com,+91-******9779,b807de2b08f56cfc
P1378,Aditya,Iyer,32.0,M,1994-02-13,a***********@rediffmail.com,+91-******5347,7e1585e832adf6af
P1379,Kavya,Sharma,87.0,M,1939-08-13,k***********@gmail.com,+91-******1367,68c5a5506b28fcf1
P1380,Reyansh,Khan,63.0,M,1963-10-20,r***********@gmail.com,+91-******4003,abc2554c651f49f4
P1381,Vivaan,Mehta,86.0,F,1940-11-22,v***********@rediffmail.com,+91-******0884,4f284ed88c7ac174
P1382,Anika,Iyer,51.0,F,1975-04-07,a*********@gmail.com,+91-******8861,527874983a59ddd4
P1383,Arjun,Nair,25.0,M,2001-06-18,a*********@outlook.com,+91-******9631,6806ed4114c92b1d
P1384,Kavya,Khan,58.0,F,1968-07-14,k*********@gmail.com,+91-******0739,8b838d166fa46411
P1385,Reyansh,Das,63.0,F,1963-01-03,r**********@hotmail.com,+91-******0600,7e024988a4d6b50a
P1386,Riya,Gupta,62.0,F,1964-09-14,r*********@gmail.com,+91-******2101,bc2d7a20e149b065
P1387,Anika,Sharma,22.0,F,2004-09-19,a***********@hotmail.com,+91-******4285,6042ebe73951da50
P1388,Reyansh,Das,58.0,M,1968-02-17,r***********@outlook.com,+91-******7269,75d8cd8cb2c7b36b
P1389,Muhammad,Chatterjee,58.0,M,1968-09-16,m*******************@hotmail.com,+91-******5107,6f512eff912d5e5a
P1390,Aarav,Mehta,86.0,F,1940-03-19,a**********@hotmail.com,+91-******2605,67ea7bd8b91a6ddc
P1391,Aadhya,Mishra,49.0,M,1977-05-09,a*************@gmail.com,+91-******5231,ee26c0c5c69c2ff4
P1392,Riya,Iyer,52.0,M,1974-09-28,r********@outlook.com,+91-******3507,a1fbf45e852d7acb
P1393,Ishaan,Reddy,42.0,M,1984-01-21,i***********@gmail.com,+91-******5378,0f3fc4f2ca22625e
P1394,Sara,Das,70.0,F,1956-03-17,s*******@outlook.com,+91-******6358,e6c3999b0bf7147e
P1395,Riya,Iyer,15.0,F,2011-05-09,r********@rediffmail.com,+91-******8282,4f32eb7bae4c9807
P1396,Vivaan,Mishra,54.0,F,1972-11-01,v************@gmail.com,+91-******5747,0d68ecd4e646e75b
P1397,Ishaan,Patel,60.0,M,1966-02-02,i***********@gmail.com,+91-******5005,15c775c808ec8267
P1398,Krishna,Khan,8.0,F,2018-08-22,k***********@hotmail.com,+91-******4714,734906a78068b6ef
P1399,Ananya,Das,53.0,F,1973-05-06,a**********@gmail.com,+91-******4585,1b17f8aa696d133a
P1400,Shaurya,Agarwal,60.0,M,1966-08-23,s***************@rediffmail.com,+91-******2241,39a6baa761a98239
P1401,Sai,Mehta,5.0,F,2021-03-23,s********@outlook.com,+91-******1602,f06aa907e4b8a1f0
P1402,Riya,Khan,68.0,F,1958-02-19,r********@outlook.com,+91-******5275,8c2fb15914e3466d
P1403,Myra,Ghosh,6.0,M,2020-09-02,m**********@hotmail.com,+91-******8166,190fde5af21c8960
P1404,Muhammad,Kulkarni,47.0,M,1979-04-16,m****************@rediffmail.com,+91-******9585,6f8b3571d9c06c51
P1405,Aditya,Reddy,55.0,M,1971-02-07,a***********@rediffmail.com,+91-******7200,4fc3d470c462de4a
P1406,Kavya,Verma,40.0,F,1986-04-23,k**********@hotmail.com,+91-******0516,21eee320d5f576d3
P1407,Shaurya,Kulkarni,52.0,F,1974-10-08,s***************@yahoo.com,+91-******0962,a4f42824c9b2fa20
P1408,Diya,Mishra,16.0,F,2010-06-03,d**********@gmail.com,+91-******1077,ac670e617038ff2f
P1409,Aadhya,Singh,13.0,M,2013-01-18,a***********@hotmail.com,+91-******5269,e7501d0875abf572
P1410,Sai,Pillai,30.0,M,1996-02-26,s*********@yahoo.com,+91-******3057,f1ec5c75750c309d
P1411,Vivaan,Gupta,19.0,F,2007-01-04,v***********@yahoo.com,+91-******2492,fdc83034b2896804
P1412,Riya,Iyer,17.0,F,2009-12-22,r********@gmail.com,+91-******0183,94d923a723ebfabf
P1413,Shaurya,Mehta,63.0,M,1963-08-02,s*************@outlook.com,+91-******8338,090b2d87d12c850c
P1414,Muhammad,Singh,19.0,M,2007-03-19,m*************@hotmail.com,+91-******6420,909ad57d5c4c14db
P1415,Aadhya,Banerjee,58.0,M,1968-06-14,a**************@hotmail.com,+91-******1105,85ed7fcf7e1371cf
P1416,Reyansh,Iyer,55.0,M,1971-08-26,r***********@hotmail.com,+91-******9949,14fb349e8b26ab34
P1417,Reyansh,Chatterjee,62.0,F,1964-08-22,r*****************@gmail.com,+91-******8267,858e59882d15f23b
P1418,Diya,Khan,23.0,M,2003-11-03,d********@outlook.com,+91-******7444,afc9ff80ad3cd42d
P1419,Krishna,Iyer,9.0,F,2017-09-22,k************@rediffmail.com,+91-******1366,bc3329937bc9c5e4
P1420,Diya,Pillai,12.0,F,2014-03-11,d**********@outlook.com,+91-******9420,539f3bcbbf7a56b2
P1421,Ira,Naidu,1.0,F,2025-06-12,i********@yahoo.com,+91-******9673,28bb58f0ffa8b124
P1422,Shaurya,Gupta,58.0,M,1968-02-03,s************@rediffmail.com,+91-******7940,8674a0aff2d7f956
P1423,Aditya,Gupta,1.0,M,2025-07-22,a***********@rediffmail.com,+91-******7808,e6202a9353ec050d
P1424,Ananya,Nair,34.0,M,1992-10-11,a**********@hotmail.com,+91-******1530,d440178f6d4d838b
P1425,Aarav,Gupta,48.0,M,1978-06-10,a**********@outlook.com,+91-******2501,364cc9284c15e18c
P1426,Shaurya,Iyer,89.0,F,1937-02-02,s***********@gmail.com,+91-******0679,103bb139d8609d81
P1427,Ira,Banerjee,1.0,M,2025-03-18,i***********@outlook.com,+91-******0575,c1bc7954271c3458
P1428,Ishaan,Mishra,16.0,M,2010-05-25,i************@outlook.com,+91-******3237,8e03ab739474bc37
P1429,Aadhya,Pillai,61.0,F,1965-10-27,a************@hotmail.com,+91-******8383,a8678b1f10418633
P1430,Anika,Sharma,64.0,M,1962-09-28,a************@yahoo.com,+91-******8402,462c768ef7052432
P1431,Ishaan,Patel,63.0,F,1963-06-13,i***********@rediffmail.com,+91-******7664,55c8b9105a7bdc0e
P1432,Sai,Chatterjee,69.0,F,1957-12-14,s*************@outlook.com,+91-******1007,7cd73111b2d4855e
P1433,Reyansh,Naidu,22.0,F,2004-02-01,r************@rediffmail.com,+91-******3679,e84c4e777d24ccf2
P1434,Kavya,Reddy,67.0,F,1959-05-27,k**********@rediffmail.com,+91-******1036,8998b89f2d061eb0
P1435,Aditya,Pillai,76.0,F,1950-03-16,a*************@hotmail.com,+91-******6354,1ffff2df83c718e6
P1436,Myra,Reddy,26.0,F,2000-06-17,m*********@yahoo.com,+91-******6091,87994bc0cdbf7ab6
P1437,Krishna,Joshi,16.0,F,2010-07-21,k************@hotmail.com,+91-******5934,d176cebec3ccfcd4
P1438,Reyansh,Banerjee,51.0,F,1975-11-26,r***************@outlook.com,+91-******0727,0021a0aeff717a06
P1439,Aditya,Khan,86.0,M,1940-07-11,a**********@outlook.com,+91-******9586,3e8a2af96b41ab51
P1440,Reyansh,Chatterjee,57.0,M,1969-02-04,r******************@yahoo.com,+91-******2807,1a34bf6b20065cac
P1441,Arjun,Khan,29.0,M,1997-04-05,a*********@yahoo.com,+91-******8782,c1c1e3a03b919e43
P1442,Aadhya,Nair,78.0,M,1948-02-02,a**********@yahoo.com,+91-******8648,5150c7fee6b058ee
P1443,Sai,Naidu,69.0,F,1957-03-22,s*********@hotmail.com,+91-******3335,a12d752eb547ad1b
P1444,Sai,Gupta,47.0,M,1979-02-27,s********@outlook.com,+91-******3548,d2abdc80008b73b8
P1445,Diya,Naidu,62.0,F,1964-03-15,d**********@hotmail.com,+91-******6278,bd27f3b24487214f
P1446,Ishaan,Pillai,69.0,M,1957-09-05,i************@gmail.com,+91-******7562,f4d7dc8484c5c2b8
P1447,Ananya,Mishra,76.0,M,1950-11-27,a************@rediffmail.com,+91-******9057,8b215d11c71adf24
P1448,Diya,Joshi,16.0,M,2010-08-17,d**********@rediffmail.com,+91-******2662,bda7798fc4f38b38
P1449,Diya,Sharma,48.0,F,1978-02-08,d**********@gmail.com,+91-******9747,21182db335372d2c
P1450,Riya,Khan,85.0,M,1941-08-04,r********@rediffmail.com,+91-******6778,86d30564be1ab699
P1451,Arjun,Iyer,39.0,F,1987-11-11,a*********@gmail.com,+91-******6306,fce8dfdeaae5e304
P1452,Aadhya,Naidu,33.0,F,1993-09-11,a************@yahoo.com,+91-******1721,13bf15968a64a605
P1453,Diya,Iyer,23.0,M,2003-09-22,d********@hotmail.com,+91-******1073,02d51b7f2ea90245
P1454,Vivaan,Ghosh,10.0,M,2016-08-18,v***********@outlook.com,+91-******2211,713a297f050667df
P1455,Ira,Iyer,69.0,M,1957-03-27,i*******@yahoo.com,+91-******6255,bd356bee5137e646
P1456,Arjun,Verma,34.0,F,1992-04-08,a**********@outlook.com,+91-******1370,52a5243dc0caf88f
P1457,Arjun,Mishra,52.0,M,1974-09-14,a***********@outlook.com,+91-******4998,fdb8116d1be2fd77
P1458,Vivaan,Khan,10.0,F,2016-12-22,v**********@outlook.com,+91-******9721,e686c4aad602f47b
P1459,Krishna,Joshi,19.0,F,2007-05-09,k*************@yahoo.com,+91-******1273,edfcf96f067b4451
P1460,Kavya,Pillai,58.0,M,1968-08-14,k************@gmail.com,+91-******3155,56cb3b3c4b19ca25
P1461,Reyansh,Verma,1.0,M,2025-09-15,r*************@yahoo.com,+91-******4560,d34be3b4dfd02bb3
P1462,Reyansh,Kulkarni,69.0,F,1957-09-07,r***************@hotmail.com,+91-******5163,d3d172eb8c6c288d
P1463,Vivaan,Gupta,4.0,F,2022-05-22,v***********@outlook.com,+91-******8580,1aecae2bab3fbe05
P1464,Sai,Iyer,16.0,F,2010-11-02,s*******@hotmail.com,+91-******5238,36055c04ae9eec41
P1465,Vivaan,Chatterjee,24.0,M,2002-10-10,v****************@yahoo.com,+91-******2240,94c599a3bbe5215f
P1466,Aditya,Reddy,80.0,F,1946-08-03,a***********@gmail.com,+91-******4548,1ef71d9a0f865285
P1467,Ishaan,Sharma,2.0,M,2024-08-14,i************@yahoo.com,+91-******7388,584a5c849646b660
P1468,Muhammad,Naidu,32.0,F,1994-12-12,m*************@outlook.com,+91-******8516,5e2e694ee4719b08
P1469,Aadhya,Reddy,84.0,F,1942-08-13,a************@outlook.com,+91-******0377,34d83cbef5e5f324
P1470,Myra,Kulkarni,24.0,M,2002-12-01,m*************@rediffmail.com,+91-******7372,5658611fbb35ab1c
P1471,Anika,Iyer,12.0,F,2014-09-23,a**********@gmail.com,+91-******5216,7e210206e411ce44
P1472,Aditya,Singh,50.0,M,1976-06-06,a***********@yahoo.com,+91-******3177,ce3a01081382a186
P1473,Vivaan,Singh,35.0,M,1991-01-13,v***********@rediffmail.com,+91-******9807,d94f1253c9cec609
P1474,Shaurya,Sharma,33.0,F,1993-02-08,s**************@hotmail.com,+91-******6787,b217c05dce086181
P1475,Saanvi,Banerjee,33.0,M,1993-03-14,s**************@yahoo.com,+91-******4943,dcc243ec2cfc0fd9
P1476,Vivaan,Mehta,61.0,M,1965-06-23,v***********@yahoo.com,+91-******2314,84fcfb01ceb49755
P1477,Kavya,Mishra,51.0,F,1975-06-20,k***********@rediffmail.com,+91-******8642,467634d29e1a6a3e
P1478,Myra,Kulkarni,43.0,M,1983-05-06,m************@hotmail.com,+91-******6315,26adfe4cfa1a9db1
P1479,Shaurya,Pillai,12.0,M,2014-08-28,s*************@hotmail.com,+91-******8244,b2d8059995290f3e
P1480,Diya,Singh,67.0,M,1959-11-21,d*********@outlook.com,+91-******1350,2699f6b9e3aeb9c7
P1481,Ira,Khan,65.0,F,1961-01-15,i********@rediffmail.com,+91-******1261,95c7558827d684c6
P1482,Saanvi,Singh,33.0,M,1993-10-22,s***********@outlook.com,+91-******5743,5c75284d93ced48c
P1483,Arjun,Das,40.0,F,1986-11-22,a*********@hotmail.com,+91-******9237,f70cc1d2856cb3d9
P1484,Kavya,Mishra,74.0,F,1952-06-02,k***********@gmail.com,+91-******5178,2ba4ea98ccf8a9da
P1485,Sai,Nair,43.0,M,1983-07-09,s*******@hotmail.com,+91-******5327,56dd5195e639bdaa
P1486,Vivaan,Singh,44.0,M,1982-07-24,v***********@yahoo.com,+91-******3397,997b3990d2490976
P1487,Ira,Banerjee,29.0,M,1997-02-25,i************@outlook.com,+91-******0835,ff1e441533fe6e15
P1488,Aditya,Verma,13.0,F,2013-11-21,a***********@rediffmail.com,+91-******5517,1b4c8ece7830c5e6
P1489,Ishaan,Mehta,12.0,M,2014-10-02,i***********@hotmail.com,+91-******9994,bf7203691a2db69c
P1490,Ishaan,Gupta,46.0,M,1980-02-25,i***********@hotmail.com,+91-******0285,8e0381d3090d132f
P1491,Shaurya,Khan,2.0,M,2024-10-26,s***********@hotmail.com,+91-******7296,d95cd20b5d527dd0
P1492,Myra,Agarwal,35.0,M,1991-02-01,m************@outlook.com,+91-******7332,b472abc831dd2434
P1493,Shaurya,Pillai,87.0,M,1939-01-07,s*************@yahoo.com,+91-******6279,ca1f48483e5c0c44
P1494,Krishna,Chatterjee,81.0,F,1945-03-16,k*****************@gmail.com,+91-******9140,4b9d37b10fcbaed8
P1495,Arjun,Nair,8.0,F,2018-07-02,a*********@rediffmail.com,+91-******6707,428c09f7e9875541
P1496,Shaurya,Verma,26.0,M,2000-10-24,s*************@outlook.com,+91-******4112,26adc687632e84f5
P1497,Ishaan,Naidu,74.0,M,1952-08-20,i***********@hotmail.com,+91-******6937,f36f3b7fcce0b2d7
P1498,Riya,Singh,34.0,M,1992-11-11,r**********@outlook.com,+91-******0428,6c122f96ff066d0b
P1499,Myra,Gupta,7.0,M,2019-03-07,m*********@hotmail.com,+91-******0436,83f0ddccf92a59e1
P1500,Ananya,Sharma,68.0,F,1958-03-27,a************@yahoo.com,+91-******4550,cbf05f7eec20e3f3
P1501,Sai,Joshi,58.0,M,1968-06-25,s********@hotmail.com,+91-******1592,760e7487d55ff81f
P1502,Vivaan,Pillai,75.0,F,1951-01-17,v************@gmail.com,+91-******6542,ce501c105a0af1bf
P1503,Riya,Verma,29.0,F,1997-03-04,r*********@gmail.com,+91-******8019,78c026195a426e36
P1504,Riya,Ghosh,36.0,M,1990-11-22,r*********@yahoo.com,+91-******7987,dc329e48c46ec282
P1505,Myra,Mehta,89.0,F,1937-03-25,m*********@yahoo.com,+91-******9062,0f9dacfd5542a237
P1506,Diya,Ghosh,21.0,F,2005-05-14,d*********@gmail.com,+91-******9915,7c908217f1f8e77f
P1507,Ananya,Khan,36.0,F,1990-10-21,a***********@rediffmail.com,+91-******9532,2363092ebd3be278
P1508,Shaurya,Reddy,10.0,F,2016-04-03,s************@rediffmail.com,+91-******6978,46bba083ebaf5b5b
P1509,Ananya,Banerjee,73.0,M,1953-12-02,a**************@hotmail.com,+91-******0124,f629b4a820a4d096
P1510,Diya,Chatterjee,24.0,M,2002-12-19,d**************@outlook.com,+91-******4887,fb9d06adb18b4ad2
P1511,Ishaan,Joshi,64.0,F,1962-06-15,i***********@hotmail.com,+91-******1636,e2679408613d5ec3
P1512,Reyansh,Nair,49.0,M,1977-11-17,r************@gmail.com,+91-******8082,2718141f27c7f07c
P1513,Myra,Kulkarni,36.0,M,1990-03-23,m*************@rediffmail.com,+91-******8961,0634a9616de5ebce
P1514,Aditya,Kulkarni,82.0,M,1944-06-19,a**************@hotmail.com,+91-******2242,469f77e4580be838
P1515,Ishaan,Iyer,24.0,M,2002-07-02,i***********@outlook.com,+91-******8067,6a028f5250c5b490
P1516,Reyansh,Banerjee,23.0,M,2003-10-15,r****************@outlook.com,+91-******8831,26736da1199c600d
P1517,Arjun,Verma,62.0,F,1964-07-13,a***********@outlook.com,+91-******1691,9912b9c54c92c3a3
P1518,Ira,Kulkarni,37.0,M,1989-02-07,i***********@yahoo.com,+91-******6201,77858cb28722df02
P1519,Aditya,Verma,12.0,M,2014-12-27,a***********@hotmail.com,+91-******5241,a0630c74bd795fd4
P1520,Ira,Khan,55.0,M,1971-01-28,i*******@hotmail.com,+91-******0036,d4336ab2425f4d9c
P1521,Krishna,Verma,13.0,M,2013-05-14,k************@hotmail.com,+91-******1168,06f632d160d7324d
P1522,Reyansh,Singh,23.0,F,2003-07-27,r************@yahoo.com,+91-******7964,0530f34fd214b75e
P1523,Krishna,Verma,89.0,F,1937-08-18,k************@gmail.com,+91-******6560,e006983e32e81a94
P1524,Kavya,Banerjee,30.0,F,1996-10-14,k*************@rediffmail.com,+91-******5201,40142a385fffafec
P1525,Kavya,Ghosh,17.0,F,2009-01-27,k***********@rediffmail.com,+91-******3973,db9d543cf190cf4d
P1526,Saanvi,Singh,62.0,M,1964-05-02,s***********@rediffmail.com,+91-******6599,ceabb603d2e6e5b3
P1527,Ananya,Mehta,84.0,F,1942-11-09,a***********@yahoo.com,+91-******7973,b2f460c84d8e7d94
P1528,Diya,Sharma,89.0,M,1937-01-22,d**********@rediffmail.com,+91-******3487,5790f43a78ba851d
P1529,Kavya,Singh,86.0,M,1940-06-13,k**********@yahoo.com,+91-******5664,f938e7dd245921f0
P1530,Riya,Patel,13.0,M,2013-11-10,r*********@yahoo.com,+91-******4179,e00fa4fbea835580
P1531,Reyansh,Sharma,59.0,M,1967-09-16,r*************@yahoo.com,+91-******3017,15e3ad57b8b44c1a
P1532,Diya,Banerjee,19.0,M,2007-09-24,d************@yahoo.com,+91-******6105,1ba06ad2e9f6928b
P1533,Aditya,Verma,49.0,F,1977-05-04,a************@outlook.com,+91-******4104,be0cd10a20e690b5
P1534,Ananya,Pillai,12.0,F,2014-04-11,a************@hotmail.com,+91-******9301,e11e1540ef90ae62
P1535,Arjun,Pillai,61.0,F,1965-07-26,a***********@gmail.com,+91-******4663,77b5b8604c89f15a
P1536,Riya,Nair,19.0,F,2007-08-25,r********@gmail.com,+91-******5123,113283b845530bdd
P1537,Reyansh,Joshi,76.0,M,1950-10-21,r*************@gmail.com,+91-******6156,0b834626c969402b
P1538,Aditya,Mehta,9.0,F,2017-01-15,a************@rediffmail.com,+91-******6534,5c65b3134e586b99
P1539,Anika,Nair,71.0,M,1955-02-01,a*********@rediffmail.com,+91-******1568,89d4055d9b7906a2
P1540,Kavya,Khan,28.0,F,1998-03-26,k*********@hotmail.com,+91-******7029,f451c6bad83c1556
P1541,Sai,Banerjee,78.0,M,1948-10-11,s************@gmail.com,+91-******6167,037365d5699a82ed
P1542,Sai,Kulkarni,52.0,M,1974-11-07,s***********@outlook.com,+91-******7810,24d5dd388f717456
P1543,Saanvi,Naidu,83.0,F,1943-03-27,s************@gmail.com,+91-******5271,95662bfefb5e4681
P1544,Vivaan,Naidu,16.0,M,2010-01-07,v***********@gmail.com,+91-******1558,3f3725f7987261ae
P1545,Saanvi,Reddy,69.0,M,1957-01-27,s***********@yahoo.com,+91-******8502,a6d79aa2346f685f
P1546,Aadhya,Kulkarni,12.0,F,2014-12-03,a**************@yahoo.com,+91-******0442,7aeb2b3127a3f6f2
P1547,Anika,Iyer,25.0,M,2001-04-28,a**********@gmail.com,+91-******9719,6f87b84d12afca6d
P1548,Saanvi,Nair,52.0,F,1974-11-20,s**********@hotmail.com,+91-******3439,b4c7fa23e5468366
P1549,Vivaan,Banerjee,85.0,F,1941-08-09,v**************@gmail.com,+91-******9914,43dee17c93eb2101
P1550,Ira,Agarwal,53.0,F,1973-10-06,i**********@hotmail.com,+91-******0666,2550330b252e8478
P1551,Arjun,Agarwal,23.0,M,2003-10-11,a************@outlook.com,+91-******0686,c33e4e4017f6e252
P1552,Ananya,Patel,16.0,M,2010-11-03,a***********@rediffmail.com,+91-******9048,9d666174376072fb
P1553,Anika,Khan,57.0,M,1969-04-11,a*********@outlook.com,+91-******6101,2c0728cab2da27ea
P1554,Diya,Mishra,39.0,F,1987-07-27,d***********@yahoo.com,+91-******0847,b9fa877fcfe98e2c
P1555,Saanvi,Joshi,53.0,M,1973-12-27,s***********@hotmail.com,+91-******0427,8c452534677b3774
P1556,Myra,Ghosh,42.0,F,1984-10-28,m*********@rediffmail.com,+91-******2143,d5e71e2b0f8b76c4
P1557,Anika,Kulkarni,58.0,F,1968-01-19,a*************@yahoo.com,+91-******2155,525be2b042aae641
P1558,Diya,Joshi,39.0,M,1987-04-16,d*********@gmail.com,+91-******4710,2db619250183a9a2
P1559,Aditya,Khan,14.0,F,2012-04-03,a**********@gmail.com,+91-******2082,e9c5bb2dbd22ab16
P1560,Muhammad,Joshi,5.0,M,2021-07-06,m**************@rediffmail.com,+91-******5169,5509b86a3a15cc94
P1561,Aditya,Nair,35.0,M,1991-10-10,a**********@gmail.com,+91-******2047,cd1b02803d96e751
P1562,Diya,Kulkarni,87.0,M,1939-10-16,d************@hotmail.com,+91-******8440,34db21d330c58f54
P1563,Aarav,Pillai,75.0,M,1951-10-24,a************@rediffmail.com,+91-******7836,1fffea378c199739
P1564,Saanvi,Chatterjee,18.0,M,2008-08-14,s****************@rediffmail.com,+91-******0888,d6d2e1b0fc00e2d5
P1565,Vivaan,Naidu,76.0,F,1950-01-03,v***********@hotmail.com,+91-******3044,9d99df8c5625e980
P1566,Vivaan,Singh,9.0,F,2017-02-03,v************@rediffmail.com,+91-******9657,f9d5c906327168b1
P1567,Sara,Mehta,74.0,F,1952-09-24,s*********@hotmail.com,+91-******2339,aa59b120b55eeb43
P1568,Shaurya,Iyer,58.0,M,1968-11-26,s***********@rediffmail.com,+91-******6581,0cbf63706b385c2a
P1569,Muhammad,Nair,17.0,M,2009-02-01,m************@hotmail.com,+91-******3299,7f6c55884c861b18
P1570,Ananya,Reddy,7.0,M,2019-06-18,a***********@rediffmail.com,+91-******3640,f96624c8f7c5f07d
P1571,Diya,Joshi,46.0,F,1980-01-13,d*********@yahoo.com,+91-******8793,dd384bc421064075
P1572,Sara,Banerjee,13.0,M,2013-12-18,s*************@yahoo.com,+91-******6489,3f52b7d9b7938547
P1573,Ishaan,Singh,40.0,F,1986-10-19,i***********@hotmail.com,+91-******8677,1e3d9f2e0ada9fcc
P1574,Shaurya,Mehta,42.0,F,1984-10-03,s*************@rediffmail.com,+91-******0142,b9054eeee60d0445
P1575,Ananya,Mishra,9.0,M,2017-05-11,a************@gmail.com,+91-******1680,ef71da133f06294e
P1576,Ira,Naidu,50.0,M,1976-07-17,i*********@gmail.com,+91-******4545,04fb6e725659192e
P1577,Shaurya,Joshi,27.0,F,1999-09-27,s*************@outlook.com,+91-******1389,e93af03a077470a0
P1578,Shaurya,Singh,66.0,M,1960-05-19,s************@yahoo.com,+91-******2967,b1d53bf407660d11
P1579,Kavya,Nair,5.0,F,2021-03-27,k*********@rediffmail.com,+91-******8293,0fb10ac023f75c9c
P1580,Krishna,Iyer,29.0,M,1997-05-15,k************@rediffmail.com,+91-******5357,29396fd99dcf8063
P1581,Shaurya,Mishra,37.0,M,1989-12-24,s*************@outlook.com,+91-******5485,3b37125ffdd2594b
P1582,Kavya,Pillai,38.0,F,1988-10-06,k***********@outlook.com,+91-******7896,8414f2561e7208b4
P1583,Sara,Mishra,83.0,M,1943-11-23,s***********@yahoo.com,+91-******1636,01a63624bf9c3ada
P1584,Ananya,Iyer,8.0,F,2018-07-23,a**********@gmail.com,+91-******1699,490af01f303709fd
P1585,Saanvi,Gupta,65.0,M,1961-12-28,s***********@hotmail.com,+91-******4907,59b74466b4707c78
P1586,Aditya,Banerjee,86.0,F,1940-02-25,a**************@gmail.com,+91-******3341,302acc9a38ba2da0
P1587,Ira,Mishra,17.0,F,2009-08-19,i*********@rediffmail.com,+91-******6783,1508b98b0a26a9ce
P1588,Sara,Singh,71.0,M,1955-07-04,s*********@yahoo.com,+91-******8599,f5ec86e6266f6450
P1589,Shaurya,Reddy,89.0,F,1937-02-07,s************@outlook.com,+91-******2830,e462d41590b5236c
P1590,Vivaan,Naidu,45.0,M,1981-04-12,v************@hotmail.com,+91-******8085,3cd947785a60bf79
P1591,Krishna,Mehta,4.0,M,2022-05-23,k************@rediffmail.com,+91-******1235,2184a6a7e6e6711e
P1592,Ananya,Reddy,36.0,M,1990-04-20,a***********@yahoo.com,+91-******3343,a7abcf7739c61ce1
P1593,Myra,Iyer,70.0,F,1956-10-26,m********@rediffmail.com,+91-******4928,834d75e6698ee5b0
P1594,Diya,Patel,31.0,F,1995-04-06,d*********@hotmail.com,+91-******0086,dbb81d9fc9dfe16b
P1595,Reyansh,Mishra,19.0,M,2007-02-26,r*************@gmail.com,+91-******3239,8ff522ccbae33715
P1596,Vivaan,Das,61.0,M,1965-02-04,v*********@outlook.com,+91-******5315,a6dc85d3c2d7522c
P1597,Kavya,Agarwal,54.0,F,1972-10-18,k************@gmail.com,+91-******3026,2d0b5379471539f3
P1598,Aadhya,Gupta,39.0,M,1987-06-05,a***********@yahoo.com,+91-******2797,d469f9896d79e350
P1599,Ira,Nair,74.0,M,1952-12-19,i*******@outlook.com,+91-******1235,7774f61a8cf2a2fd
P1600,Sara,Agarwal,19.0,F,2007-11-28,s***********@rediffmail.com,+91-******9611,da54dd891ffdebbb
P1601,Krishna,Naidu,39.0,M,1987-12-28,k************@yahoo.com,+91-******9223,f1b3c302d6bdc4f7
P1602,Krishna,Sharma,67.0,F,1959-03-07,k*************@hotmail.com,+91-******6093,6f8e7b9365e9ab92
P1603,Ananya,Gupta,45.0,M,1981-03-02,a***********@yahoo.com,+91-******2655,bcbc37cbc65445f4
P1604,Riya,Mishra,13.0,F,2013-11-24,r**********@gmail.com,+91-******0229,2f93dca29ad27070
P1605,Anika,Kulkarni,58.0,M,1968-04-01,a**************@rediffmail.com,+91-******2100,987ad4d5916e3d0a
P1606,Sara,Chatterjee,20.0,M,2006-12-28,s**************@hotmail.com,+91-******9769,b5531071d362cda4
P1607,Ira,Sharma,72.0,F,1954-11-04,i*********@hotmail.com,+91-******0327,ced80ea6a59e2c03
P1608,Krishna,Verma,61.0,M,1965-01-03,k************@yahoo.com,+91-******6605,d0d68181e82cf550
P1609,Vivaan,Mishra,39.0,F,1987-10-16,v*************@gmail.com,+91-******9190,99b4d39927d50d44
P1610,Diya,Singh,1.0,M,2025-10-18,d**********@outlook.com,+91-******2368,05ade7619c2c225f
P1611,Sai,Banerjee,3.0,F,2023-05-22,s************@yahoo.com,+91-******1389,c880b9e6fca8b83b
P1612,Ananya,Pillai,77.0,F,1949-07-13,a************@rediffmail.com,+91-******2885,9a64b3fa933cdbdf
P1613,Arjun,Singh,62.0,F,1964-03-28,a**********@gmail.com,+91-******1401,040991ba5a1a41e3
P1614,Aarav,Reddy,63.0,F,1963-09-12,a**********@yahoo.com,+91-******0679,c6f259a32d759e1e
P1615,Kavya,Patel,25.0,M,2001-07-16,k**********@hotmail.com,+91-******3965,ae4f9f73a5adb11c
P1616,Anika,Kulkarni,56.0,M,1970-06-28,a**************@rediffmail.com,+91-******9715,db6bfdf57b341ab4
P1617,Reyansh,Ghosh,33.0,F,1993-12-05,r************@gmail.com,+91-******8704,31c35dc6ca07d6f8
P1618,Ishaan,Sharma,38.0,F,1988-11-20,i************@rediffmail.com,+91-******9375,dbb741d33c0e0704
P1619,Ananya,Banerjee,6.0,F,2020-03-12,a***************@gmail.com,+91-******0216,904746a6ff89fbe3
P1620,Saanvi,Kulkarni,58.0,M,1968-04-10,s**************@gmail.com,+91-******8534,3ae2e92e9ec9e42b
P1621,Aarav,Singh,44.0,M,1982-06-24,a**********@hotmail.com,+91-******3646,5b6a3901927e1af1
P1622,Riya,Khan,45.0,M,1981-01-05,r*********@yahoo.com,+91-******6189,4c2afab266820180
P1623,Diya,Mehta,32.0,M,1994-03-12,d*********@outlook.com,+91-******8862,742e32249c637721
P1624,Riya,Naidu,45.0,F,1981-08-22,r*********@rediffmail.com,+91-******7515,b40842ed2b0ab6bd
P1625,Riya,Patel,61.0,F,1965-03-05,r**********@outlook.com,+91-******7658,e7c878671246f91b
P1626,Arjun,Kulkarni,47.0,F,1979-07-08,a**************@outlook.com,+91-******3312,fc578ede12a99577
P1627,Aditya,Iyer,21.0,M,2005-10-06,a**********@hotmail.com,+91-******4695,7b3e2f27348867c2
P1628,Sara,Verma,80.0,M,1946-01-13,s*********@yahoo.com,+91-******9407,af346ffedadf63d9
P1629,Kavya,Banerjee,85.0,M,1941-06-09,k**************@rediffmail.com,+91-******9855,6a9bf6d02ba50430
P1630,Aadhya,Chatterjee,75.0,F,1951-02-14,a*****************@outlook.com,+91-******0555,4c3026c582d1fc7b
P1631,Muhammad,Das,36.0,F,1990-04-23,m***********@outlook.com,+91-******8840,ee3444fd92d8faa0
P1632,Ananya,Kulkarni,19.0,M,2007-09-23,a**************@rediffmail.com,+91-******1357,48bec4d83eb6a851
P1633,Sara,Verma,20.0,F,2006-12-05,s*********@outlook.com,+91-******2419,13dcc8e012d0122f
P1634,Riya,Naidu,57.0,M,1969-07-13,r*********@outlook.com,+91-******5535,d4124cc31c3e4248
P1635,Aarav,Khan,18.0,M,2008-05-28,a*********@hotmail.com,+91-******3597,1360e77f47ccec33
P1636,Reyansh,Ghosh,47.0,F,1979-03-09,r************@yahoo.com,+91-******2698,42368250bbe86203
P1637,Aditya,Nair,49.0,M,1977-07-20,a***********@gmail.com,+91-******0042,8222b66b9be5d0b6
P1638,Krishna,Banerjee,14.0,F,2012-11-21,k***************@outlook.com,+91-******6139,4f44a15b4287ac9d
P1639,Diya,Mishra,15.0,M,2011-03-16,d***********@hotmail.com,+91-******2820,022599ba96ec0ae4
P1640,Krishna,Banerjee,31.0,F,1995-07-22,k***************@gmail.com,+91-******8680,8f2c53770ce35681
P1641,Myra,Gupta,1.0,F,2025-07-13,m**********@hotmail.com,+91-******5794,4bb6235ca28f8675
P1642,Shaurya,Banerjee,54.0,F,1972-12-27,s***************@gmail.com,+91-******4459,628877ec9d1451b0
P1643,Muhammad,Das,3.0,M,2023-12-09,m************@outlook.com,+91-******1211,4a9a066122182c3f
P1644,Diya,Iyer,16.0,M,2010-07-13,d*********@hotmail.com,+91-******1813,ef4ce33bcf1c8cd5
P1645,Aditya,Singh,87.0,F,1939-10-11,a************@yahoo.com,+91-******2376,d9d1e3bc69659949
P1646,Ananya,Gupta,57.0,F,1969-10-27,a***********@gmail.com,+91-******7929,f870a046aec84515
P1647,Anika,Nair,75.0,M,1951-12-26,a*********@outlook.com,+91-******6005,47da74814661a94c
P1648,Arjun,Agarwal,12.0,M,2014-07-16,a************@rediffmail.com,+91-******8953,2821f62bdf4a84a3
P1649,Aditya,Joshi,74.0,M,1952-02-19,a***********@rediffmail.com,+91-******3965,43fb8133db273eb5
P1650,Aadhya,Mehta,16.0,F,2010-06-12,a************@rediffmail.com,+91-******0701,da3981b12c75f9f5
P1651,Krishna,Singh,72.0,M,1954-12-14,k************@yahoo.com,+91-******8271,52be640e5b26c49a
P1652,Aarav,Chatterjee,76.0,M,1950-02-01,a***************@outlook.com,+91-******4412,234969d381378c82
P1653,Shaurya,Reddy,24.0,F,2002-03-02,s************@hotmail.com,+91-******7642,781fe8a79851db09
P1654,Ishaan,Nair,28.0,M,1998-03-09,i**********@gmail.com,+91-******9345,4aaee51413946d98
P1655,Aditya,Singh,8.0,M,2018-06-21,a***********@gmail.com,+91-******0915,87f3f4ee2477034e
P1656,Aarav,Chatterjee,36.0,M,1990-04-10,a***************@rediffmail.com,+91-******8815,e41c2c72b3cde9d3
P1657,Sai,Kulkarni,8.0,F,2018-10-02,s***********@yahoo.com,+91-******5921,411b39f852f646cb
P1658,Saanvi,Joshi,58.0,F,1968-12-12,s************@hotmail.com,+91-******9185,a242fc41d2c8ba84
P1659,Riya,Mishra,60.0,F,1966-03-05,r**********@yahoo.com,+91-******0197,cb2c95e00a4fc0fc
P1660,Anika,Das,50.0,F,1976-06-10,a*********@rediffmail.com,+91-******1616,d0d34b2fa0bfea52
P1661,Krishna,Nair,28.0,F,1998-05-18,k***********@outlook.com,+91-******3526,c10df894d98b17af
P1662,Ira,Verma,41.0,F,1985-03-23,i********@gmail.com,+91-******4129,e0b1dad3a3756a90
P1663,Saanvi,Das,64.0,F,1962-11-05,s**********@rediffmail.com,+91-******0077,49f2019004b0f4f4
P1664,Myra,Naidu,27.0,M,1999-12-27,m*********@rediffmail.com,+91-******0404,c23a1d7269043687
P1665,Vivaan,Singh,63.0,M,1963-08-15,v***********@hotmail.com,+91-******9933,94528a6618471228
P1666,Diya,Das,17.0,F,2009-08-07,d*******@hotmail.com,+91-******5692,64eeb86bd8ed73ee
P1667,Shaurya,Agarwal,73.0,M,1953-01-26,s***************@rediffmail.com,+91-******2947,a7cc53a93df803d6
P1668,Ishaan,Banerjee,33.0,M,1993-07-03,i***************@outlook.com,+91-******9729,ad8d7e038279728b
P1669,Myra,Mehta,84.0,F,1942-07-16,m*********@outlook.com,+91-******2916,a39899a206a66810
P1670,Aarav,Banerjee,77.0,M,1949-06-22,a*************@rediffmail.com,+91-******5282,d7e687a8b5408bc2
P1671,Aadhya,Verma,29.0,M,1997-11-19,a************@outlook.com,+91-******4880,fd7002f24d5ef37e
P1672,Diya,Joshi,13.0,M,2013-06-27,d**********@gmail.com,+91-******4410,c00f75d4cdff6ebc
P1673,Muhammad,Das,46.0,M,1980-06-04,m************@outlook.com,+91-******0400,55248fe7ea3d1aa7
P1674,Myra,Agarwal,35.0,M,1991-02-03,m***********@yahoo.com,+91-******3407,81712abec2432ffc
P1675,Myra,Das,6.0,F,2020-11-10,m*******@gmail.com,+91-******9095,fd2aee20063dba21
P1676,Reyansh,Reddy,82.0,F,1944-06-26,r************@rediffmail.com,+91-******4901,7654ca801744b877
P1677,Diya,Naidu,69.0,F,1957-12-20,d*********@yahoo.com,+91-******3124,6c14df191a297f49
P1678,Arjun,Joshi,47.0,M,1979-11-13,a**********@outlook.com,+91-******7147,05ada28d6858864a
P1679,Sai,Pillai,25.0,F,2001-03-11,s**********@yahoo.com,+91-******4059,521eeb549a52c799
P1680,Ira,Iyer,66.0,M,1960-12-24,i********@yahoo.com,+91-******2973,5d466ef2d0401dac
P1681,Anika,Agarwal,10.0,M,2016-02-05,a************@yahoo.com,+91-******9622,e01c90f9418b5cef
P1682,Krishna,Nair,56.0,M,1970-04-13,k************@gmail.com,+91-******1815,465062afb7680aef
P1683,Arjun,Das,30.0,M,1996-05-01,a********@gmail.com,+91-******8766,39556b9ac399ac51
P1684,Kavya,Banerjee,5.0,F,2021-10-01,k*************@yahoo.com,+91-******0205,641b24315ebe2f47
P1685,Myra,Ghosh,33.0,F,1993-05-09,m**********@hotmail.com,+91-******2815,59abdd20574ffff8
P1686,Ishaan,Khan,65.0,M,1961-11-28,i**********@rediffmail.com,+91-******1865,176c93a7de3c469a
P1687,Aadhya,Pillai,18.0,F,2008-10-04,a*************@outlook.com,+91-******2235,6c7aaa108d171636
P1688,Saanvi,Gupta,49.0,M,1977-05-20,s************@hotmail.com,+91-******1296,24457f271d580072
P1689,Ira,Patel,11.0,F,2015-03-25,i********@hotmail.com,+91-******8529,cf52aad4d49f1089
P1690,Krishna,Kulkarni,85.0,F,1941-10-07,k***************@outlook.com,+91-******3356,5294e749960db3ef
P1691,Vivaan,Agarwal,26.0,M,2000-08-16,v**************@hotmail.com,+91-******9713,854c911dd0cd9b0e
P1692,Sara,Verma,63.0,F,1963-01-21,s**********@gmail.com,+91-******0048,48d78a19f743780b
P1693,Ira,Gupta,89.0,M,1937-07-24,i********@hotmail.com,+91-******3751,02632cb7aabce883
P1694,Saanvi,Patel,86.0,F,1940-11-04,s***********@outlook.com,+91-******9806,e305368568fb3fc2
P1695,Kavya,Iyer,59.0,M,1967-09-01,k*********@outlook.com,+91-******7949,4a54605b1b34ba6e
P1696,Riya,Sharma,27.0,M,1999-06-25,r**********@gmail.com,+91-******0849,5321393a3b853394
P1697,Aditya,Nair,49.0,F,1977-01-22,a**********@rediffmail.com,+91-******8826,08be6d29c51a7f73
P1698,Ira,Naidu,77.0,F,1949-11-05,i*********@yahoo.com,+91-******9972,459e0fa36501b54c
P1699,Vivaan,Agarwal,33.0,M,1993-03-22,v**************@hotmail.com,+91-******1408,7d05c47315f3a32c
P1700,Kavya,Pillai,1.0,F,2025-06-09,k************@outlook.com,+91-******1146,b516ccf801ef093d
P1701,Aditya,Gupta,21.0,F,2005-02-02,a***********@gmail.com,+91-******2915,ec621e5e43439347
P1702,Aadhya,Mehta,55.0,M,1971-11-02,a************@rediffmail.com,+91-******2501,bee36effe39b6d26
P1703,Aditya,Joshi,6.0,M,2020-12-23,a***********@yahoo.com,+91-******1983,9ceb6ba7ad2b4ff2
P1704,Shaurya,Singh,81.0,F,1945-02-06,s************@rediffmail.com,+91-******7514,83fe0652594ae4b7
P1705,Saanvi,Sharma,69.0,M,1957-07-11,s************@hotmail.com,+91-******2650,0d2609660ae52847
P1706,Arjun,Patel,5.0,M,2021-01-27,a**********@gmail.com,+91-******7655,d0967bd3ce5de9d7
P1707,Saanvi,Das,3.0,M,2023-09-09,s*********@gmail.com,+91-******9935,9a9492fdb91270b6
P1708,Anika,Ghosh,53.0,F,1973-03-14,a**********@rediffmail.com,+91-******2693,2febb13429e59722
P1709,Sai,Patel,23.0,F,2003-11-22,s********@yahoo.com,+91-******4575,e63aa93d3ff05707
P1710,Vivaan,Verma,53.0,M,1973-09-23,v************@hotmail.com,+91-******1958,438c35b137b8bd2b
P1711,Ira,Joshi,37.0,F,1989-10-18,i********@outlook.com,+91-******3722,c370b53ae23d5ea9
P1712,Krishna,Joshi,74.0,M,1952-12-07,k************@rediffmail.com,+91-******1598,86a9bb212c1d2f90
P1713,Kavya,Verma,74.0,F,1952-05-06,k**********@rediffmail.com,+91-******6300,164b77d90473c5d7
P1714,Ira,Joshi,83.0,M,1943-05-19,i********@hotmail.com,+91-******8247,118a13070e74b8f0
P1715,Vivaan,Mishra,17.0,M,2009-07-14,v************@rediffmail.com,+91-******0359,bc5a09ebf43fdf4f
P1716,Shaurya,Mehta,85.0,F,1941-09-19,s*************@rediffmail.com,+91-******4081,ead5331e80007495
P1717,Arjun,Pillai,78.0,M,1948-06-20,a***********@outlook.com,+91-******4961,8551d123d523f059
P1718,Aditya,Joshi,73.0,F,1953-03-08,a***********@gmail.com,+91-******0225,67eaabf7d88835f2
P1719,Shaurya,Ghosh,1.0,F,2025-02-08,s************@yahoo.com,+91-******6985,8cdfda521665061e
P1720,Anika,Agarwal,51.0,M,1975-05-27,a*************@yahoo.com,+91-******7033,6b556bb556dcb69e
P1721,Kavya,Kulkarni,45.0,M,1981-08-16,k*************@hotmail.com,+91-******3185,9e3afc669bf1bda4
P1722,Shaurya,Naidu,77.0,F,1949-01-10,s*************@outlook.com,+91-******0816,ef2c1b8eaf25b43c
P1723,Kavya,Iyer,4.0,M,2022-05-01,k*********@rediffmail.com,+91-******4893,527d08733f35f2f6
P1724,Myra,Patel,62.0,M,1964-08-23,m*********@yahoo.com,+91-******6364,b74daf382537f525
P1725,Aadhya,Singh,65.0,M,1961-03-23,a***********@yahoo.com,+91-******5386,4a36c07e00acece1
P1726,Muhammad,Reddy,32.0,M,1994-04-25,m*************@outlook.com,+91-******4817,17c4d285664995fd
P1727,Aadhya,Das,34.0,M,1992-11-27,a*********@yahoo.com,+91-******8884,5d67e75fb95ba879
P1728,Ira,Patel,72.0,F,1954-10-18,i*********@yahoo.com,+91-******1617,04539e7bc7548608
P1729,Aarav,Naidu,39.0,F,1987-06-01,a***********@rediffmail.com,+91-******3527,e782ddd56e7c6f74
P1730,Myra,Patel,26.0,M,2000-09-10,m**********@yahoo.com,+91-******7681,30a4c5cc33306752
P1731,Krishna,Mishra,34.0,M,1992-03-07,k*************@rediffmail.com,+91-******0347,6c1f7d957a183035
P1732,Ira,Reddy,54.0,M,1972-02-18,i********@hotmail.com,+91-******2746,d0cd599e8929a4ae
P1733,Anika,Nair,3.0,F,2023-01-01,a**********@rediffmail.com,+91-******6188,33aa139803222294
P1734,Aadhya,Naidu,50.0,M,1976-08-04,a************@yahoo.com,+91-******8806,4d0ac7cc27d7acc6
P1735,Aarav,Kulkarni,12.0,F,2014-10-02,a*************@hotmail.com,+91-******0669,6f3baab5bb7ec272
P1736,Aarav,Naidu,65.0,F,1961-05-05,a**********@gmail.com,+91-******6113,89e23bf1dfe4aef3
P1737,Ishaan,Chatterjee,54.0,F,1972-09-10,i****************@hotmail.com,+91-******1677,125bde05258e455b
P1738,Ananya,Pillai,5.0,M,2021-09-08,a*************@yahoo.com,+91-******2191,6807be21fed37c1f
P1739,Sai,Pillai,57.0,F,1969-10-13,s**********@outlook.com,+91-******9713,80cfd476d89d1315
P1740,Sara,Chatterjee,17.0,M,2009-03-22,s**************@outlook.com,+91-******3910,615215556793178d
P1741,Anika,Ghosh,47.0,F,1979-12-27,a***********@rediffmail.com,+91-******1742,20ea4ef8265597a1
P1742,Aditya,Mehta,23.0,M,2003-03-13,a***********@hotmail.com,+91-******7447,90312d565c87e475
P1743,Saanvi,Mishra,79.0,F,1947-05-12,s************@rediffmail.com,+91-******7244,ed9f7c3750e5a10c
P1744,Saanvi,Pillai,85.0,M,1941-01-15,s************@outlook.com,+91-******3824,c3677613defd6e14
P1745,Muhammad,Kulkarni,14.0,F,2012-03-09,m****************@gmail.com,+91-******9319,2c92d633bd6cc5f7
P1746,Aarav,Mishra,66.0,M,1960-10-11,a***********@outlook.com,+91-******5891,17d8c5d17bc37567
P1747,Kavya,Joshi,75.0,M,1951-08-04,k**********@gmail.com,+91-******7317,7567da9bbc1cfae1
P1748,Sara,Singh,51.0,M,1975-06-11,s**********@hotmail.com,+91-******3959,7ec0ba61e7592167
P1749,Sara,Agarwal,38.0,M,1988-04-26,s************@rediffmail.com,+91-******4202,05ffb742a61c4843
P1750,Ananya,Verma,64.0,F,1962-12-14,a***********@outlook.com,+91-******3535,2e31f04ff6e00e02
P1751,Sai,Reddy,38.0,F,1988-06-08,s********@hotmail.com,+91-******4119,303c10690eed10df
P1752,Ira,Singh,50.0,M,1976-11-16,i********@outlook.com,+91-******4256,f4288e7e855eeefd
P1753,Diya,Reddy,82.0,F,1944-06-11,d*********@hotmail.com,+91-******5743,cde1b6cb9be265eb
P1754,Arjun,Gupta,30.0,M,1996-05-25,a**********@gmail.com,+91-******6530,dcdb94498544ce31
P1755,Reyansh,Verma,79.0,M,1947-06-05,r************@hotmail.com,+91-******3403,8290da15b41e936d
P1756,Ira,Nair,51.0,F,1975-07-21,i********@rediffmail.com,+91-******6473,4e19b5df1206894e
P1757,Anika,Ghosh,63.0,M,1963-07-11,a***********@rediffmail.com,+91-******3993,ce1772f5b6bb86a5
P1758,Shaurya,Agarwal,52.0,M,1974-09-28,s***************@rediffmail.com,+91-******7238,6d66facbf38290e6
P1759,Vivaan,Pillai,38.0,F,1988-02-12,v************@rediffmail.com,+91-******3943,2d5ec1c1c57ebe4f
P1760,Sai,Agarwal,88.0,M,1938-03-04,s**********@outlook.com,+91-******3255,4996c1d46d036284
P1761,Myra,Joshi,79.0,M,1947-07-24,m**********@yahoo.com,+91-******6972,4c314669e588c52c
P1762,Sara,Nair,30.0,M,1996-06-26,s********@rediffmail.com,+91-******0057,98512320957d707f
P1763,Sara,Patel,51.0,M,1975-02-23,s*********@gmail.com,+91-******8560,e9fcbcebd823978c
P1764,Myra,Gupta,81.0,F,1945-08-27,m**********@hotmail.com,+91-******9023,bf7a9aa53ae2e57d
P1765,Saanvi,Gupta,5.0,F,2021-12-06,s***********@yahoo.com,+91-******9088,1a9c73cf4d86395c
P1766,Ira,Banerjee,29.0,F,1997-11-16,i***********@gmail.com,+91-******4681,c888bc197f0a9ccd
P1767,Sai,Singh,4.0,M,2022-11-14,s********@rediffmail.com,+91-******8074,2843e4eb6fd2399c
P1768,Krishna,Ghosh,10.0,M,2016-05-17,k************@gmail.com,+91-******6405,2af7707a78f760a8
P1769,Aditya,Ghosh,56.0,F,1970-08-24,a***********@yahoo.com,+91-******7000,98980555efb27dcf
P1770,Myra,Mehta,17.0,M,2009-06-05,m**********@yahoo.com,+91-******5620,1e2df802d64c5bf0
P1771,Kavya,Reddy,74.0,M,1952-04-06,k**********@hotmail.com,+91-******7184,0072e1cd4978af66
P1772,Sai,Chatterjee,17.0,M,2009-09-04,s**************@hotmail.com,+91-******3896,574da37515534d7c
P1773,Saanvi,Singh,84.0,M,1942-11-13,s************@hotmail.com,+91-******8571,04dffdc55c69d3a8
P1774,Aditya,Ghosh,88.0,F,1938-04-27,a************@yahoo.com,+91-******8542,377711e7a7c0acab
P1775,Kavya,Das,69.0,F,1957-07-10,k********@hotmail.com,+91-******2258,4863140f562e34af
P1776,Ananya,Banerjee,34.0,F,1992-06-25,a**************@rediffmail.com,+91-******2289,542de9c3ed10213e
P1777,Arjun,Sharma,6.0,M,2020-03-26,a***********@hotmail.com,+91-******1597,4aa09cff60077fbc
P1778,Krishna,Verma,53.0,F,1973-04-02,k*************@gmail.com,+91-******6140,c9f9ad1fa70fd0ea
P1779,Muhammad,Naidu,66.0,F,1960-08-18,m*************@rediffmail.com,+91-******9789,ed6d184bc8518105
P1780,Reyansh,Naidu,77.0,M,1949-01-06,r*************@rediffmail.com,+91-******8933,beb82f5eb71a1029
P1781,Arjun,Singh,43.0,M,1983-07-01,a***********@hotmail.com,+91-******2642,ac79f4bd89c4dd32
P1782,Sara,Nair,75.0,F,1951-08-03,s*********@outlook.com,+91-******4290,75ad28d6a18e2e22
P1783,Anika,Kulkarni,23.0,F,2003-02-12,a*************@gmail.com,+91-******1918,dc9b632af343af7c
P1784,Ira,Kulkarni,55.0,F,1971-09-21,i***********@hotmail.com,+91-******5234,ccc09ef6bed12065
P1785,Aadhya,Kulkarni,80.0,F,1946-06-19,a***************@yahoo.com,+91-******1420,cc6744f39004d4ae
P1786,Krishna,Verma,75.0,M,1951-08-28,k*************@hotmail.com,+91-******1325,16e20e4de286dcfc
P1787,Reyansh,Mehta,16.0,F,2010-07-13,r************@gmail.com,+91-******3612,65ded7bfc5c51680
P1788,Reyansh,Mishra,8.0,F,2018-08-16,r*************@rediffmail.com,+91-******9366,0da0cb2fc8b3fc4e
P1789,Anika,Ghosh,4.0,M,2022-07-12,a***********@outlook.com,+91-******6021,af90f07a398c4129
P1790,Sai,Banerjee,4.0,F,2022-01-20,s************@yahoo.com,+91-******7395,1476521c88a07985
P1791,Ananya,Joshi,56.0,M,1970-08-06,a************@outlook.com,+91-******5166,2c5e9a3b8b46d547
P1792,Ishaan,Chatterjee,25.0,M,2001-06-04,i*****************@rediffmail.com,+91-******0063,12b74c46ee8610f8
P1793,Anika,Joshi,67.0,M,1959-02-07,a**********@hotmail.com,+91-******1740,da8e4cb5b871da6d
P1794,Krishna,Joshi,67.0,F,1959-05-09,k*************@hotmail.com,+91-******1695,ec4ab477fe30d414
P1795,Sara,Chatterjee,27.0,F,1999-06-19,s***************@hotmail.com,+91-******5063,0f9fea4fefa46122
P1796,Diya,Agarwal,32.0,M,1994-12-10,d***********@gmail.com,+91-******9566,16f80be00ffa2e78
P1797,Anika,Joshi,50.0,F,1976-02-16,a***********@yahoo.com,+91-******1347,919351c5babdcc70
P1798,Aarav,Mishra,61.0,F,1965-11-26,a************@outlook.com,+91-******4710,d8584f94027bc44b
P1799,Muhammad,Singh,51.0,M,1975-09-22,m*************@outlook.com,+91-******4224,8e59c24bd9105603
P1800,Reyansh,Joshi,19.0,M,2007-03-14,r************@yahoo.com,+91-******5515,4909a7886452ce7e
P1801,Arjun,Sharma,21.0,F,2005-10-19,a***********@rediffmail.com,+91-******8632,ffbbca6e67734c2e
P1802,Myra,Gupta,5.0,M,2021-07-14,m*********@rediffmail.com,+91-******4141,526b528cd8bc1247
P1803,Krishna,Singh,82.0,F,1944-01-03,k************@outlook.com,+91-******0563,e8e48b9bdf2fe29c
P1804,Muhammad,Banerjee,42.0,F,1984-03-08,m****************@outlook.com,+91-******2930,007fee4561ae9107
P1805,Kavya,Patel,61.0,F,1965-12-07,k**********@yahoo.com,+91-******5965,826e2d54eff561ba
P1806,Sai,Ghosh,22.0,F,2004-07-18,s********@rediffmail.com,+91-******2034,4888c8dd640c675b
P1807,Aadhya,Kulkarni,21.0,M,2005-10-25,a**************@gmail.com,+91-******8145,15e473a34cb4ecca
P1808,Aditya,Joshi,70.0,M,1956-11-24,a************@outlook.com,+91-******9993,dd14a5d7adec1b00
P1809,Diya,Mishra,1.0,M,2025-01-10,d***********@gmail.com,+91-******5514,e4f765e151850607
P1810,Ishaan,Naidu,5.0,M,2021-09-25,i***********@rediffmail.com,+91-******6236,5b047513f4256805
P1811,Muhammad,Banerjee,12.0,F,2014-01-04,m****************@rediffmail.com,+91-******7051,3fc7c8490a025403
P1812,Muhammad,Patel,46.0,F,1980-01-05,m*************@yahoo.com,+91-******0681,2a1e9f52e0499201
P1813,Kavya,Joshi,34.0,M,1992-04-19,k***********@hotmail.com,+91-******5954,b63668286d324ae8
P1814,Reyansh,Pillai,49.0,F,1977-09-22,r**************@outlook.com,+91-******5575,fbed8e8e06a72730
P1815,Myra,Agarwal,78.0,F,1948-11-11,m***********@gmail.com,+91-******6885,9d8de516faf68c97
P1816,Shaurya,Joshi,45.0,F,1981-09-13,s************@gmail.com,+91-******3760,d8a388660430f5ff
P1817,Reyansh,Patel,27.0,M,1999-07-02,r************@rediffmail.com,+91-******0534,dce3d61ed7f4fe2e
P1818,Aditya,Das,73.0,M,1953-01-05,a**********@hotmail.com,+91-******3476,5496438b55fbf19d
P1819,Vivaan,Joshi,26.0,M,2000-07-20,v************@hotmail.com,+91-******9588,a3c2c768ef241859
P1820,Myra,Banerjee,47.0,F,1979-07-20,m*************@gmail.com,+91-******3004,b19c1c38f11b85cc
P1821,Aadhya,Pillai,86.0,M,1940-08-06,a*************@outlook.com,+91-******7727,60f536d50101aac6
P1822,Ira,Agarwal,56.0,M,1970-11-01,i**********@yahoo.com,+91-******5531,02fdcc3715d2b105
P1823,Reyansh,Banerjee,63.0,M,1963-10-21,r***************@hotmail.com,+91-******0594,00375994ec55a473
P1824,Ira,Agarwal,48.0,M,1978-12-07,i**********@rediffmail.com,+91-******2212,44435b9f4bf9b6eb
P1825,Ishaan,Iyer,61.0,M,1965-09-21,i***********@outlook.com,+91-******6943,13d9f5e8e7271fe5
P1826,Ananya,Agarwal,81.0,M,1945-12-18,a*************@gmail.com,+91-******1192,bd84e92914f57644
P1827,Ananya,Khan,26.0,F,2000-03-28,a**********@gmail.com,+91-******8471,3fa83970406c24fc
P1828,Reyansh,Banerjee,36.0,F,1990-08-23,r****************@outlook.com,+91-******5388,037e594e3c9a1f11
P1829,Ananya,Reddy,1.0,M,2025-03-17,a************@rediffmail.com,+91-******1709,cc6ec9d306e6d8ec
P1830,Myra,Joshi,8.0,M,2018-12-26,m*********@outlook.com,+91-******0065,ba87fda435e68801
P1831,Diya,Banerjee,52.0,F,1974-06-24,d*************@yahoo.com,+91-******3849,7d88bbf8a99f62e8
P1832,Kavya,Banerjee,79.0,F,1947-09-16,k*************@hotmail.com,+91-******7289,077bf2fddfdf7a42
P1833,Aadhya,Das,47.0,M,1979-06-16,a**********@yahoo.com,+91-******4854,b2b7bae6dd2de68a
P1834,Riya,Singh,56.0,M,1970-09-28,r*********@rediffmail.com,+91-******6903,1a9a7568761a6397
P1835,Ishaan,Naidu,86.0,M,1940-01-20,i************@hotmail.com,+91-******7726,0f080a92bc5f54c3
P1836,Saanvi,Chatterjee,14.0,M,2012-08-04,s****************@outlook.com,+91-******6189,abfad1bb2a35aca8
P1837,Ananya,Gupta,28.0,F,1998-10-16,a***********@hotmail.com,+91-******1535,00f3f20056109ce0
P1838,Ishaan,Kulkarni,87.0,M,1939-08-21,i***************@outlook.com,+91-******0167,b4739e96ef51ce91
P1839,Ishaan,Nair,78.0,M,1948-11-15,i***********@yahoo.com,+91-******1690,1aa8bfbebbf5feba
P1840,Aditya,Joshi,88.0,M,1938-06-21,a************@gmail.com,+91-******5512,44dfe72885264ec0
P1841,Diya,Das,2.0,M,2024-04-19,d********@hotmail.com,+91-******1584,c309f9ed55720633
P1842,Ira,Banerjee,26.0,F,2000-04-09,i***********@yahoo.com,+91-******0042,066498aca94ba0ca
P1843,Vivaan,Patel,14.0,F,2012-07-02,v***********@rediffmail.com,+91-******3949,beda29e250ec0fdd
P1844,Vivaan,Pillai,59.0,F,1967-07-11,v*************@rediffmail.com,+91-******4641,7b301a07d8022fcb
P1845,Aadhya,Sharma,56.0,M,1970-08-02,a************@hotmail.com,+91-******1850,d64734b6359744c6
P1846,Vivaan,Verma,7.0,M,2019-05-04,v***********@rediffmail.com,+91-******0238,0872a0fff17f75c0
P1847,Ananya,Agarwal,3.0,F,2023-04-11,a*************@rediffmail.com,+91-******9762,957569d431e433cf
P1848,Kavya,Reddy,23.0,M,2003-04-15,k***********@hotmail.com,+91-******4623,e55bec97bfa51387
P1849,Anika,Nair,18.0,M,2008-01-17,a**********@outlook.com,+91-******8711,e053b32de0f0fa12
P1850,Aarav,Agarwal,38.0,F,1988-02-18,a************@outlook.com,+91-******1423,bd4b51657d2b5e1a
P1851,Reyansh,Patel,15.0,F,2011-11-11,r*************@gmail.com,+91-******0532,022ee7a7770cfbc0
P1852,Sai,Gupta,64.0,F,1962-01-01,s********@gmail.com,+91-******2752,2d0fd110afa50e02
P1853,Diya,Agarwal,89.0,F,1937-04-25,d***********@yahoo.com,+91-******8441,5ed6fea9e2bad332
P1854,Kavya,Banerjee,28.0,M,1998-04-22,k**************@yahoo.com,+91-******9665,456d06e3218c900c
P1855,Muhammad,Naidu,74.0,M,1952-08-28,m*************@yahoo.com,+91-******8081,664b37f5eaf3e290
P1856,Diya,Khan,39.0,F,1987-12-17,d********@yahoo.com,+91-******3440,0a664d22e287a58d
P1857,Ira,Khan,57.0,M,1969-08-09,i*******@gmail.com,+91-******9890,ac38fc9d94c2f0ff
P1858,Myra,Gupta,17.0,F,2009-04-23,m**********@hotmail.com,+91-******0359,be6847e040eba908
P1859,Shaurya,Khan,86.0,F,1940-12-26,s***********@rediffmail.com,+91-******3093,8b3cd10a06756843
P1860,Sara,Chatterjee,44.0,M,1982-06-01,s**************@yahoo.com,+91-******8307,394173bad5e482fc
P1861,Ananya,Mishra,25.0,F,2001-04-03,a*************@rediffmail.com,+91-******7448,5f99d850f49c28e4
P1862,Diya,Joshi,17.0,M,2009-03-11,d**********@rediffmail.com,+91-******9944,1565f7389b441a27
P1863,Diya,Agarwal,13.0,M,2013-12-04,d***********@hotmail.com,+91-******8259,eb0828d06f2f89d3
P1864,Anika,Singh,84.0,M,1942-05-25,a**********@rediffmail.com,+91-******6848,149156d956f955d1
P1865,Ishaan,Mehta,25.0,M,2001-03-13,i***********@yahoo.com,+91-******1549,cc7df9a6e97344aa
P1866,Ishaan,Gupta,68.0,F,1958-08-04,i************@outlook.com,+91-******3453,ba5d8076e8adf37b
P1867,Kavya,Das,10.0,M,2016-07-21,k********@outlook.com,+91-******4359,5f8fc016512a111f
P1868,Myra,Patel,67.0,F,1959-02-28,m*********@gmail.com,+91-******8281,b7baec84190c4da2
P1869,Ira,Reddy,18.0,F,2008-09-02,i*********@hotmail.com,+91-******4753,3d08f584480a58cc
P1870,Reyansh,Patel,86.0,F,1940-07-28,r************@hotmail.com,+91-******7767,2c6ce05d29cdbfff
P1871,Ananya,Kulkarni,34.0,F,1992-05-23,a**************@yahoo.com,+91-******9054,5070bd3d0a0696bf
P1872,Krishna,Joshi,8.0,M,2018-11-14,k*************@hotmail.com,+91-******8755,d57ffa1704ee050e
P1873,Shaurya,Reddy,40.0,M,1986-11-09,s*************@rediffmail.com,+91-******3551,2ac493e3562d1b00
P1874,Muhammad,Naidu,83.0,F,1943-12-20,m**************@outlook.com,+91-******2200,dd6f77e91a77c179
P1875,Ishaan,Agarwal,42.0,F,1984-04-17,i**************@rediffmail.com,+91-******4355,3040282dfa7f23b6
P1876,Arjun,Ghosh,41.0,M,1985-11-09,a***********@outlook.com,+91-******2690,6cecf6d86efede36
P1877,Ananya,Khan,6.0,F,2020-02-04,a***********@gmail.com,+91-******5640,fae82b72bf1999c6
P1878,Kavya,Sharma,52.0,M,1974-11-01,k***********@yahoo.com,+91-******1319,9113d03ce2efc2ff
P1879,Arjun,Kulkarni,26.0,F,2000-08-26,a*************@yahoo.com,+91-******4873,cb887778d25fbd01
P1880,Reyansh,Khan,64.0,M,1962-06-20,r************@gmail.com,+91-******3412,e77f78f606a5fff7
P1881,Shaurya,Gupta,59.0,F,1967-06-11,s*************@hotmail.com,+91-******5950,40ccaeb1b855d00a
P1882,Krishna,Ghosh,56.0,F,1970-09-06,k************@rediffmail.com,+91-******9026,ba9a913596fb0f3d
P1883,Riya,Chatterjee,59.0,M,1967-02-28,r**************@rediffmail.com,+91-******6186,02f27614925024b5
P1884,Ananya,Chatterjee,70.0,F,1956-04-15,a****************@outlook.com,+91-******6573,73265e0eb7d564e5
P1885,Ira,Chatterjee,33.0,F,1993-03-28,i*************@yahoo.com,+91-******4107,7393ab5296812081
P1886,Diya,Pillai,53.0,M,1973-02-23,d***********@hotmail.com,+91-******0042,bedb5db4982ca369
P1887,Ira,Gupta,22.0,F,2004-12-12,i********@yahoo.com,+91-******5406,69972d4428c04f68
P1888,Muhammad,Naidu,21.0,M,2005-09-15,m*************@hotmail.com,+91-******7507,4f95fec2e6bb5a54
P1889,Aadhya,Patel,70.0,M,1956-12-25,a***********@hotmail.com,+91-******5986,257e320d6a08206b
P1890,Reyansh,Sharma,70.0,F,1956-03-27,r*************@gmail.com,+91-******6275,c37220d8d4c4d775
P1891,Shaurya,Banerjee,4.0,F,2022-06-06,s****************@yahoo.com,+91-******5469,8163c14057cea288
P1892,Aadhya,Mehta,75.0,F,1951-06-15,a************@gmail.com,+91-******6877,c2e59403d71b2cfa
P1893,Ananya,Nair,62.0,F,1964-07-10,a**********@gmail.com,+91-******5151,5d4cb2d7cd03e077
P1894,Krishna,Naidu,62.0,F,1964-10-06,k************@gmail.com,+91-******6118,fc12037e0d58e6e6
P1895,Riya,Kulkarni,24.0,F,2002-10-17,r************@rediffmail.com,+91-******0074,e5e5c19a71681d89
P1896,Saanvi,Khan,55.0,F,1971-06-08,s***********@yahoo.com,+91-******8745,e001c9e0547819a8
P1897,Krishna,Mehta,9.0,M,2017-09-19,k************@outlook.com,+91-******8928,f2c05516ee415b2c
P1898,Shaurya,Singh,3.0,F,2023-02-16,s************@hotmail.com,+91-******0386,7342b58cf92095fa
P1899,Shaurya,Ghosh,31.0,M,1995-02-10,s************@gmail.com,+91-******1137,4bede47af4a73e62
P1900,Riya,Iyer,40.0,F,1986-12-17,r********@hotmail.com,+91-******5959,a3d124937940b13a
P1901,Aarav,Patel,36.0,F,1990-10-21,a**********@hotmail.com,+91-******1415,eda5d46dcfcc5f91
P1902,Vivaan,Pillai,24.0,M,2002-01-05,v************@hotmail.com,+91-******9511,556adaa11abf2a35
P1903,Aarav,Nair,6.0,F,2020-04-27,a*********@yahoo.com,+91-******3742,b2da7ba33d2056f1
P1904,Shaurya,Joshi,66.0,F,1960-03-18,s*************@rediffmail.com,+91-******4283,bb20c2a756151aa6
P1905,Vivaan,Pillai,84.0,M,1942-02-18,v************@outlook.com,+91-******8747,854b3d281126bd94
P1906,Sai,Chatterjee,75.0,F,1951-06-28,s**************@hotmail.com,+91-******5484,7d9ac4f2d178b02e
P1907,Sai,Sharma,4.0,F,2022-06-22,s*********@outlook.com,+91-******5498,db06579554e24647
P1908,Aadhya,Sharma,79.0,F,1947-11-03,a************@rediffmail.com,+91-******6016,39c13f10a22d60da
P1909,Ananya,Chatterjee,6.0,M,2020-07-25,a****************@rediffmail.com,+91-******1903,e2afb8e4feafe47a
P1910,Krishna,Sharma,51.0,F,1975-12-08,k**************@hotmail.com,+91-******4444,df8ab0b210a1ddcb
P1911,Shaurya,Joshi,62.0,F,1964-03-12,s*************@rediffmail.com,+91-******7962,88bd845dc0f85f03
P1912,Diya,Kulkarni,57.0,F,1969-07-14,d************@gmail.com,+91-******5867,c191b14a555375a2
P1913,Ananya,Nair,66.0,F,1960-10-14,a***********@hotmail.com,+91-******6118,987859ac4690e276
P1914,Diya,Banerjee,79.0,M,1947-11-06,d************@gmail.com,+91-******3248,9a3e38ebe889bb88
P1915,Sai,Patel,75.0,M,1951-10-17,s********@outlook.com,+91-******4209,ad61303fcc822107
P1916,Myra,Das,8.0,F,2018-05-27,m********@gmail.com,+91-******4295,b21f6c9d42b08210
P1917,Krishna,Gupta,26.0,F,2000-03-14,k************@gmail.com,+91-******9920,a3ccbcc17867cc92
P1918,Ananya,Ghosh,51.0,M,1975-08-13,a***********@gmail.com,+91-******2308,7c5a6e3c9b52d615
P1919,Aarav,Iyer,45.0,M,1981-06-03,a*********@rediffmail.com,+91-******8262,5e9fe4b07648aa84
P1920,Reyansh,Agarwal,44.0,F,1982-08-01,r**************@outlook.com,+91-******5140,2f74cc257643e005
P1921,Ishaan,Chatterjee,5.0,M,2021-12-10,i*****************@hotmail.com,+91-******6961,e0f65046e76f3d65
P1922,Aditya,Ghosh,70.0,F,1956-01-10,a************@outlook.com,+91-******6172,2ec9108bf2a374f8
P1923,Sai,Gupta,26.0,M,2000-06-24,s********@rediffmail.com,+91-******8545,73f62a4b319bf634
P1924,Anika,Reddy,68.0,M,1958-02-06,a**********@outlook.com,+91-******7670,26c636b87356ff00
P1925,Diya,Naidu,19.0,M,2007-11-28,d*********@outlook.com,+91-******2816,92f5a92dc30776d6
P1926,Krishna,Iyer,84.0,M,1942-01-23,k***********@outlook.com,+91-******6858,b73cff3596c438b5
P1927,Sai,Reddy,20.0,F,2006-03-17,s********@gmail.com,+91-******2199,3dc584f9ef18b361
P1928,Shaurya,Agarwal,12.0,M,2014-03-13,s**************@gmail.com,+91-******8473,e882f77028ca1240
P1929,Aarav,Sharma,47.0,M,1979-03-03,a***********@hotmail.com,+91-******3649,4d97981390db6830
P1930,Vivaan,Gupta,1.0,F,2025-11-03,v***********@gmail.com,+91-******5834,2b29803a16f27b1b
P1931,Arjun,Verma,14.0,M,2012-10-06,a**********@hotmail.com,+91-******0209,053ab559ce7bec93
P1932,Ira,Gupta,64.0,M,1962-07-16,i********@outlook.com,+91-******2108,a994799129757ccf
P1933,Ira,Khan,38.0,F,1988-12-16,i*******@yahoo.com,+91-******9456,a693dc753116c43a
P1934,Shaurya,Verma,37.0,M,1989-08-26,s*************@rediffmail.com,+91-******6116,d12ca3c9418919c4
P1935,Myra,Kulkarni,11.0,F,2015-05-11,m************@yahoo.com,+91-******7747,ee7a1fd518b6f9d3
P1936,Riya,Verma,77.0,F,1949-11-16,r*********@outlook.com,+91-******0123,985a624db5972af1
P1937,Anika,Gupta,3.0,F,2023-08-01,a***********@outlook.com,+91-******5036,a649ee8a9392107f
P1938,Reyansh,Joshi,33.0,F,1993-04-26,r************@outlook.com,+91-******0771,09bf794e73709fa0
P1939,Reyansh,Mishra,6.0,M,2020-06-16,r*************@outlook.com,+91-******8439,e0b9ff3fbdcae4af
P1940,Reyansh,Reddy,50.0,F,1976-07-23,r*************@outlook.com,+91-******9762,332fc70931f58588
P1941,Riya,Naidu,10.0,M,2016-09-06,r*********@gmail.com,+91-******3602,820ebde14f90890e
P1942,Riya,Pillai,5.0,M,2021-06-01,r**********@hotmail.com,+91-******1910,752d5e077f72ec3f
P1943,Shaurya,Naidu,23.0,M,2003-06-20,s************@gmail.com,+91-******7550,eb6953203dadc424
P1944,Riya,Gupta,10.0,M,2016-09-06,r**********@gmail.com,+91-******7555,3c7f5f37ca520e3e
P1945,Riya,Verma,44.0,M,1982-11-27,r*********@rediffmail.com,+91-******5227,02d3a52cde2284f1
P1946,Aditya,Mehta,2.0,M,2024-05-16,a************@yahoo.com,+91-******1106,86834322dc45ca8d
P1947,Muhammad,Sharma,13.0,M,2013-10-12,m**************@gmail.com,+91-******1380,8251f2c16657485f
P1948,Ishaan,Verma,40.0,M,1986-04-25,i***********@hotmail.com,+91-******0378,b18671256e77a9e8
P1949,Saanvi,Ghosh,2.0,M,2024-04-06,s***********@hotmail.com,+91-******1333,0ed5c64d61f8c7f1
P1950,Arjun,Mehta,84.0,M,1942-10-27,a**********@gmail.com,+91-******3480,81673ef0f7e230b0
P1951,Vivaan,Banerjee,65.0,F,1961-10-25,v**************@outlook.com,+91-******8785,3365e6c3cfe26fbf
P1952,Myra,Das,63.0,F,1963-05-01,m*******@yahoo.com,+91-******4596,068d660468859d17
P1953,Kavya,Iyer,73.0,F,1953-11-01,k**********@outlook.com,+91-******7590,18091c91180f1227
P1954,Anika,Agarwal,17.0,M,2009-12-08,a************@outlook.com,+91-******1181,45371c4fa6bd5fc9
P1955,Aarav,Das,9.0,F,2017-07-27,a********@rediffmail.com,+91-******2059,d92dd9d615fc9742
P1956,Aarav,Iyer,75.0,F,1951-04-23,a**********@rediffmail.com,+91-******9395,ea5ecceb2e0d2106
P1957,Ishaan,Verma,15.0,F,2011-08-27,i***********@rediffmail.com,+91-******7845,890183231ecb7dde
P1958,Arjun,Ghosh,24.0,M,2002-06-25,a**********@rediffmail.com,+91-******2887,f45c5a2547e377b2
P1959,Sai,Khan,38.0,M,1988-08-25,s*******@outlook.com,+91-******0101,a219f9c062899e65
P1960,Kavya,Mishra,35.0,M,1991-07-04,k***********@hotmail.com,+91-******8616,050a5260bc8b7a77
P1961,Muhammad,Iyer,49.0,M,1977-09-13,m************@hotmail.com,+91-******2800,e41db1fa5da3c077
P1962,Krishna,Singh,69.0,F,1957-03-03,k************@hotmail.com,+91-******6149,548036dec2491ab9
P1963,Sara,Pillai,62.0,F,1964-03-27,s**********@outlook.com,+91-******4685,7ee76e8bbed7020f
P1964,Shaurya,Verma,60.0,F,1966-05-14,s************@gmail.com,+91-******2580,4fbe703f223bbe9e
P1965,Aarav,Banerjee,50.0,F,1976-09-25,a*************@hotmail.com,+91-******1852,bd0279ec5560afb9
P1966,Riya,Singh,78.0,M,1948-02-03,r*********@gmail.com,+91-******9106,49107a14179e2aa2
P1967,Ananya,Iyer,75.0,M,1951-07-04,a**********@yahoo.com,+91-******5591,815d1bce75f9c364
P1968,Shaurya,Patel,9.0,M,2017-05-19,s*************@gmail.com,+91-******9607,89ec35e7f03d3402
P1969,Shaurya,Chatterjee,34.0,F,1992-08-16,s*****************@gmail.com,+91-******3752,6d8eb173b4d6010f
P1970,Vivaan,Verma,76.0,M,1950-02-06,v***********@yahoo.com,+91-******4153,deefacf187cc5d3f
P1971,Vivaan,Ghosh,35.0,M,1991-07-16,v************@yahoo.com,+91-******1620,026c11422e7e6606
P1972,Aditya,Joshi,1.0,F,2025-02-01,a************@gmail.com,+91-******4025,2ca042849a9d94ae
P1973,Kavya,Mishra,40.0,F,1986-02-18,k************@yahoo.com,+91-******4480,dc2b555b92baa611
P1974,Kavya,Mishra,64.0,M,1962-10-17,k************@gmail.com,+91-******6098,b221c4ec9b96bc09
P1975,Riya,Patel,22.0,M,2004-07-18,r*********@gmail.com,+91-******0408,2763b9faba19df5d
P1976,Reyansh,Khan,60.0,M,1966-04-27,r***********@hotmail.com,+91-******6986,d5d7165ab204f4bf
P1977,Shaurya,Joshi,64.0,M,1962-08-20,s*************@outlook.com,+91-******3412,a4e62d2f18c4ec17
P1978,Vivaan,Sharma,72.0,M,1954-09-03,v************@hotmail.com,+91-******1192,953b567dda1c9864
P1979,Kavya,Gupta,11.0,M,2015-08-13,k**********@yahoo.com,+91-******0295,c29fc11a61ceba02
P1980,Arjun,Ghosh,14.0,F,2012-10-17,a**********@hotmail.com,+91-******7212,aa37139f6849048c
P1981,Diya,Gupta,60.0,F,1966-07-22,d*********@yahoo.com,+91-******8818,df6b7f445a15aad1
P1982,Aadhya,Das,30.0,F,1996-12-24,a**********@yahoo.com,+91-******3389,c31b1b8389131977
P1983,Muhammad,Khan,35.0,M,1991-05-17,m************@outlook.com,+91-******8137,7f886e319fb0134e
P1984,Ishaan,Singh,85.0,F,1941-03-04,i************@hotmail.com,+91-******8650,4011ea4d2df4d7f8
P1985,Aadhya,Nair,37.0,M,1989-01-01,a**********@outlook.com,+91-******0578,01fe7fb61ba2808a
P1986,Diya,Khan,5.0,M,2021-08-04,d********@gmail.com,+91-******8394,470ab29fc2d4acf4
P1987,Saanvi,Patel,83.0,F,1943-07-19,s***********@gmail.com,+91-******1041,66e06eb24de9085c
P1988,Kavya,Iyer,78.0,M,1948-09-25,k*********@hotmail.com,+91-******6243,1e1621b7c43a42a9
P1989,Reyansh,Chatterjee,26.0,M,2000-04-12,r*****************@outlook.com,+91-******2352,44c9e3c045b6bb56
P1990,Arjun,Agarwal,62.0,F,1964-07-20,a************@yahoo.com,+91-******8953,408bb5de22823d0d
P1991,Aarav,Sharma,4.0,F,2022-07-24,a***********@rediffmail.com,+91-******5354,acd017088865ff4f
P1992,Diya,Singh,89.0,F,1937-09-09,d*********@hotmail.com,+91-******9636,758836bf958752fb
P1993,Muhammad,Naidu,42.0,M,1984-10-02,m**************@rediffmail.com,+91-******0435,390d09719a79b489
P1994,Diya,Kulkarni,89.0,F,1937-03-18,d*************@hotmail.com,+91-******8553,53e93a05fd30c90b
P1995,Arjun,Verma,18.0,F,2008-08-06,a***********@gmail.com,+91-******0502,e9a0ca0bf5f20c24
P1996,Ira,Nair,40.0,M,1986-09-24,i*******@gmail.com,+91-******9487,a99bf74d494323fc
P1997,Aadhya,Reddy,72.0,F,1954-01-07,a***********@rediffmail.com,+91-******0262,d30b6054df630614
P1998,Shaurya,Kulkarni,39.0,F,1987-04-14,s***************@gmail.com,+91-******9851,abf1ca9d3729c186
P1999,Ananya,Pillai,14.0,F,2012-12-15,a*************@yahoo.com,+91-******9290,fcc1c9874b9f3483
